CYCLING,Flywheel Sports: Stadium Cycling,"1927 Florida Ave NW, Washington",4.9,(5000+)
CYCLING,Zengo Cycle,"1508 14th St NW, Washington",4.9,(5000+)
CYCLING,Flywheel Sports: Stadium Cycling,"824 9th St NW, Unit B, Washington",4.8,(5000+)
BARRE,barre3,"701 2nd St NE, Washington",4.9,(5000+)
PILATES,Reformation Fitness,"1218 9th St NW, Washington",4.8,(5000+)
"STRENGTH TRAINING, RUNNING",Barry's Bootcamp,"1345 19th St NW, Washington",4.9,(5000+)
BARRE,barre3,"2800 Clarendon Blvd, Ste 930, Arlington",4.9,(5000+)
CYCLING,Zengo Cycle,"4866 Cordell Ave, Bethesda",4.8,(5000+)
"CYCLING, STRENGTH TRAINING",Zweet Sport Total Fitness,"727 N Henry Street, Alexandria",4.9,(5000+)
PILATES,Toolbox Pilates,"1627 R Connecticut Ave NW, Washington",4.8,(5000+)
"STRENGTH TRAINING, BARRE",Flywheel Sports: Precision Training,"1927 Florida Ave NW, Washington",4.9,(5000+)
BARRE,barre3,"1000 Wisconsin Ave NW, Suite G100, Washington",4.9,(5000+)
BARRE,barre3,"1832 14th St NW, Washington",4.9,(5000+)
"STRENGTH TRAINING, BARRE",Flywheel Sports: Precision Training,"824 9th St NW, Unit B, Washington",4.9,(5000+)
CYCLING,CycleBar,"301 W Broad St, Falls Church",4.8,(5000+)
PILATES,District Pilates,"1302 9th St NW, Washington",4.9,(5000+)
YOGA,Zweet Sport Hot Yoga,"400 N Henry St, Alexandria",4.8,(5000+)
YOGA,CorePower Yoga,"1150 Connecticut Ave NW, Washington",4.8,(5000+)
CYCLING,Zengo Cycle,"3308 Wisconsin Ave NW, #202, Washington",4.9,(5000+)
BARRE,Biker Barre,"738 7th St SE, Washington",4.8,(5000+)
PILATES,[solidcore],"1441 U Street NW, Washington",4.9,(1000+)
STRENGTH TRAINING,Elevate Interval Fitness,"2428 14th St NW, Washington",4.9,(5000+)
BARRE,barre3,"715 Duke St, Alexandria",4.9,(5000+)
"PILATES, STRENGTH TRAINING",[solidcore],"1821 7th St NW, Washington",4.9,(5000+)
CYCLING,CycleBar,"3400 Columbia Pike, Arlington",4.8,(5000+)
YOGA,Flow Yoga Center,"TWO LOCATIONS, 1450 P St NW, OR 1508 14th St NW (check class details), Washington",4.8,(5000+)
"YOGA, STRENGTH TRAINING",Next Phase Studio,"7610 Old Georgetown Rd, Bethesda",4.8,(5000+)
BARRE,barre3,"4829 Cordell Ave, Bethesda",4.9,(5000+)
"PILATES, STRENGTH TRAINING",[solidcore],"433 Massachusetts Ave NW, Washington",4.9,(5000+)
YOGA,Dupont Circle Yoga,"2032 P St NW, Washington",4.8,(5000+)
PILATES,District Pilates,"4011 Georgia Ave NW, Washington",4.9,(5000+)
YOGA,CorePower Yoga,"1055 Thomas Jefferson St NW, Washington",4.8,(5000+)
YOGA,CorePower Yoga,"1929 Clarendon Blvd, Arlington",4.8,(5000+)
YOGA,Epic Yoga DC,"1323 Connecticut Ave NW, Washington",4.8,(5000+)
CYCLING,RYDE Cycle,"1025 N Fillmore St, Suite J, Arlington",4.7,(5000+)
"YOGA, STRENGTH TRAINING",Next Phase Studio,"2009 14th St N, Arlington",4.8,(5000+)
YOGA,CorePower Yoga,"575 12th Rd S, Arlington",4.8,(1000+)
"YOGA, STRENGTH TRAINING",SWEAT DC,"3232 Georgia Ave NW, Suite 105, Washington",4.9,(5000+)
YOGA,Yoga Heights,"3506 Georgia Ave NW, Washington",4.8,(5000+)
CYCLING,CycleBar,"1105 Delaware Ave NE, Washington",4.8,(5000+)
BARRE,Xtend Barre,"2008 Wilson Blvd, Arlington",4.8,(5000+)
"PILATES, STRENGTH TRAINING",[solidcore],"1255 23rd St NW, Washington",4.8,(5000+)
YOGA,The Yoga Shala,"1550 7th St NW, Washington",4.8,(5000+)
STRENGTH TRAINING,E60 Fitness,"1524 Clarendon Blvd, Arlington",4.9,(5000+)
"YOGA, GYM TIME",MINT,"1724 California St NW, Washington",4.7,(5000+)
"PILATES, STRENGTH TRAINING",[solidcore],"1245 First St SE, Washington",4.9,(5000+)
PILATES,Fuse on 14th,"1401 14th St NW, Washington",4.8,(5000+)
"PILATES, STRENGTH TRAINING",[solidcore],"1706 Columbia Rd NW, Washington",4.9,(5000+)
"PILATES, STRENGTH TRAINING",[solidcore],"10245 Old Georgetown Rd, Bethesda",4.9,(1000+)
PILATES,Reformation Fitness,"525 8th Street Southeast 2nd Floor, Washington",4.9,(1000+)
BARRE,b. Fit,"1339 14th St NW, Suite #3, Washington",4.8,(5000+)
YOGA,YogaWorks,"1632 17th St NW, Washington",4.8,(5000+)
CYCLING,ElectionCycle,"1108 H St NE, Washington",4.8,(5000+)
YOGA,Be Here Now Yoga,"406 8th St. SE,, Washington",4.8,(5000+)
"CYCLING, BOXING",Off Road,"905 U St NW, Washington",4.8,(5000+)
"YOGA, PILATES, …",sculp'd,"1103 Queen Street, Alexandria",4.9,(1000+)
YOGA,CorePower Yoga,"444 W Broad St, Falls Church",4.8,(1000+)
"PILATES, STRENGTH TRAINING",[solidcore],"3308 Wisconsin Ave NW, Washington",4.9,(1000+)
BARRE,barre3,"4900 Massachusetts Ave NW, Suite 105, Washington",4.8,(5000+)
STRENGTH TRAINING,HIIT Circuit Training,"4800 Auburn Ave, 7",4.8,(1000+)
"PILATES, STRENGTH TRAINING",[solidcore],"800 N Henry St, Alexandria",4.9,(1000+)
"CYCLING, BOXING",Off Road,"639 Pennsylvania Ave SE, Washington",4.8,(5000+)
"PILATES, STRENGTH TRAINING",[solidcore],"2311 Wilson Boulevard, Arlington",4.9,(1000+)
"PILATES, STRENGTH TRAINING",[solidcore],"7101 Wisconsin Ave, Bethesda",4.9,(5000+)
YOGA,Past Tense,"3253 Mt Pleasant St NW, Washington",4.8,(5000+)
YOGA,Realignment Studio,"641 Pennsylvania Ave SE, Washington",4.8,(1000+)
"DANCE, BARRE",Sport&Health,"315 G St SE, Washington",4.8,(5000+)
BARRE,Xtend Barre,"1701 Duke St, Suite 160, Alexandria",4.9,(1000+)
BARRE,The Dailey Method,"1201 U St NW, Suite 300, Washington",4.7,(5000+)
YOGA,Shaw Yoga,"**NEW LOCATION**, 1311 Naylor Ct NW, (around the back of the building), Washington",4.8,(5000+)
YOGA,CorePower Yoga,"2233 Wisconsin Ave NW, Washington",4.8,(1000+)
YOGA,YogaWorks,"3528 Wilson Blvd, Arlington",4.8,(1000+)
"PILATES, STRENGTH TRAINING",[solidcore],"650 N Glebe Rd, Arlington",4.8,(1000+)
YOGA,Georgetown Yoga,"2805 M St NW, Washington",4.8,(5000+)
YOGA,Blue Nectar Yoga,"513 W Broad St, Suite 110 C, Falls Church",4.8,(1000+)
YOGA,Grace Studios,"8435 Georgia Ave., Second Floor, Silver Spring",4.8,(1000+)
PILATES,RTR Pilates,"6254 Old Dominion Dr, McLean",4.8,(1000+)
STRENGTH TRAINING,MINT Studio @ Manhattan Laundry,"1346 Florida Ave NW, Washington",4.8,(1000+)
STRENGTH TRAINING,Epic Interval Training,"506 K Street Northwest, Washington",4.9,(1000+)
BOXING,Nuboxx,"701 2nd St NE, Washington",4.9,(5000+)
GYM TIME,Balance Gym,"2121 Wisconsin Ave NW, Washington",4.8,(1000+)
YOGA,Yoga Noma,"1200 First St NE, Washington",4.8,(5000+)
BARRE,Pure Barre,"2130 P St NW, Washington",4.8,(5000+)
STRENGTH TRAINING,PULSE House of Fitness,"PULSE House of Fitness, 1401 New York Ave NW , Washington",4.9,(1000+)
YOGA,532Yoga,"532 N Washington St, Suite 100, Alexandria",4.8,(1000+)
"YOGA, STRENGTH TRAINING",Fit 360 DC,"3058 Mt Pleasant St NW, Washington",4.8,(1000+)
YOGA,Bhakti Yoga DC,"928 5th St NW, Washington",4.8,(1000+)
BARRE,barre3,"1243 1st St SE, Washington",4.9,(1000+)
YOGA,CorePower Yoga,"6800 Wisconsin Ave, Ste 300, Bethesda",4.8,(1000+)
"PRENATAL, YOGA",Bluebird Sky Yoga,"3101 12th St NE, Washington",4.8,(1000+)
YOGA,Edge Yoga,"2440 Wilson Blvd, Arlington",4.8,(1000+)
STRENGTH TRAINING,Definitions,"1050 Thomas Jefferson St NW, #120 Lobby Level, Washington",5.0,(5000+)
GYM TIME,Gold's Gym,"3910 Wilson Blvd, Arlington",4.6,(1000+)
"YOGA, MARTIAL ARTS, …",TRUEBODY,"7400 Wisconsin Avenue, Bethesda",4.7,(500+)
BARRE,The Bar Method,"750 9th St NW, Suite 103, Washington",4.8,(5000+)
YOGA,Hot Spot Dupont,"1635 Connecticut Ave NW, Washington",4.7,(1000+)
BARRE,Pure Barre,"3308 Wisconsin Ave NW, Suite 4 (2nd Floor), Washington",4.8,(1000+)
GYM TIME,Balance Gym,"1339 Green Ct NW, Washington",4.8,(1000+)
PILATES,RTR Pilates,"5406 Wisconsin Ave, Suite D-103, Chevy Chase",4.7,(5000+)
PILATES,PureRyde,"6910 Arlington Rd, Bethesda",4.8,(1000+)
YOGA,Yoga Factory DC,"715 Wharf St SW, Washington",4.8,(1000+)
YOGA,illumin8 Studios,"950 F Street Northwest, Washington",4.8,(1000+)
CYCLING,Ascend Cycle,"2413 Mount Vernon Avenue, Alexandria",4.8,(500+)
"PILATES, STRENGTH TRAINING",Lagree DC,"1383 H Street NE, Washington",4.8,(500+)
STRENGTH TRAINING,MADabolic,"3100 Clarendon Blvd, Arlington",4.8,(1000+)
STRENGTH TRAINING,Get Fit Studio,"277 South Washington Street , #120, Alexandria",4.9,(500+)
BARRE,The Bar Method,"7710 Woodmont Ave, Unit G, Bethesda",4.8,(1000+)
BARRE,Pure Barre,"407 8th St SE, Washington",4.8,(1000+)
YOGA,YogaWorks,"7832 Wisconsin Ave, Bethesda",4.7,(1000+)
YOGA,Yoga Heights,"255 Carroll St NW, Washington",4.7,(1000+)
BARRE,LavaBarre,"1528 Clarendon Blvd, Arlington",4.7,(5000+)
YOGA,PureFire Yoga,"4928 St. Elmo Ave, Bethesda",4.8,(1000+)
BARRE,Studio Barre,"610 N Fayette St, Alexandria",4.8,(1000+)
PILATES,Sculpt Studio,"4900 Auburn Ave, Bethesda",4.9,(1000+)
CYCLING,Good Sweat Studio,"1711 Wilson Boulevard, Arlington",4.9,(500+)
STRENGTH TRAINING,Cut Seven,"1101 Rhode Island Avenue Northwest, Washington",4.9,(500+)
GYM TIME,Gold's Gym,"4595 Woodberry St, Riverdale Park",4.8,(1000+)
YOGA,Embrace Yoga DC,"1650 Columbia Rd NW, Washington",4.8,(1000+)
CYCLING,CYCLED!,"6960 Maple St NW, Washington",4.8,(1000+)
"PILATES, STRENGTH TRAINING, …",Neighborhood Barre,"1148 N Irving St, Arlington",4.7,(5000+)
DANCE,Joy of Motion Dance Center -,"1333 H St NE, Washington",4.9,(1000+)
CYCLING,CYCLED!,"1110 Ripley St, Silver Spring",4.8,(1000+)
YOGA,Refresh Yoga Center,"110 King St, 2nd Floor, Alexandria",4.8,(1000+)
DANCE,Joy of Motion Dance Center,"5207 Wisconsin Ave, Second Floor, Washington",4.8,(1000+)
PILATES,DC Pilates,"526 H St NE, Washington",4.7,(1000+)
STRENGTH TRAINING,Bodymass Gym,"2000 15th St N, Arlington",4.9,(1000+)
YOGA,UP,"8083 Georgia Ave, Silver Spring",4.8,(1000+)
STRENGTH TRAINING,Elevate Interval Fitness,"301 M Street Southwest, Washington",4.8,(1000+)
YOGA,CorePower Yoga,"824 9th St NW, Suite A, Washington",4.8,(1000+)
"MEDITATION, YOGA",recharj,"1445 New York Ave NW, Washington",4.8,(1000+)
GYM TIME,OneLife Fitness,"305 Hooffs Run Dr, Alexandria",4.7,(1000+)
YOGA,Eaton Yoga DC,"1201 K Street Northwest, Washington",4.8,(500+)
GYM TIME,Balance Gym,"2401 M St NW, Washington",4.8,(1000+)
YOGA,Yoga Del Sol,"1519 Wisconsin Ave NW, Washington",4.8,(1000+)
GYM TIME,Gold's Gym,"1310 N Courthouse Rd, Arlington",4.7,(1000+)
GYM TIME,Gold's Gym,"2955 S Glebe Rd, Arlington",4.6,(1000+)
GYM TIME,Gold's Gym,"409 3rd St SW, #120, Washington",4.6,(1000+)
GYM TIME,Onelife Fitness,"4238 Wilson Blvd, Ste 3018, Arlington",4.7,(1000+)
PILATES,RTR Pilates,"5185 MacArthur Blvd NW, Washington",4.8,(1000+)
GYM TIME,Gold's Gym,"4310 Connecticut Ave NW, Washington",4.6,(1000+)
GYM TIME,Gold's Gym,"1220 N Fillmore St, Suite 150, Arlington",4.7,(1000+)
YOGA,Bikram Yoga Works,"1510 Okie Street Northeast, Washington",4.9,(500+)
"MARTIAL ARTS, STRENGTH TRAINING, …",202strong,"1722 I St NW, Washington",4.8,(1000+)
BOXING,Urban Boxing,"3701 Fairfax Dr, Arlington",4.8,(1000+)
YOGA,Honest Soul Yoga,"7505 Leesburg Pike, Falls Church",4.8,(100+)
STRENGTH TRAINING,Bodymass Gym,"2833 Georgia Ave NW, Washington",5.0,(100+)
YOGA,Bikram Yoga Works,"6202 Rhode Island Avenue, Riverdale Park",4.9,(100+)
"DANCE, BARRE",Sport&Health,"2231 Crystal Dr, Arlington",4.7,(1000+)
GYM TIME,Crunch Gym,"555 11th St NW, Washington",4.5,(1000+)
DANCE,Joy of Motion Dance Center,"7315 Wisconsin Ave, Suite 180E, Bethesda",4.9,(500+)
GYM TIME,Gold's Gym,"1830 N Nash St, Arlington",4.6,(1000+)
"DANCE, BARRE",Sport&Health,"4001 Brandywine St NW, Washington",4.7,(1000+)
"MEDITATION, YOGA",Take Five Meditation,"1803 Connecticut Ave NW, Second Floor, Washington",4.7,(500+)
"CYCLING, BARRE",BIker Barre,"11325 Seven Locks Road, Rockville",4.7,(500+)
BOXING,Urban Boxing,"1116 24th St NW, Washington",4.8,(1000+)
STRENGTH TRAINING,CrossFit DC - H Street,"1365 H St NE, Washington",4.9,(1000+)
STRENGTH TRAINING,Jade Fitness,"1310 Pennsylvania Ave SE, Washington",4.8,(1000+)
"GYM TIME, CYCLING",Washington Sports Clubs,"3222 M Street NW, Suite 140, Washington DC",4.7,(500+)
"STRENGTH TRAINING, BOXING, …",UFC Gym,"1200 North Herndon Street, Arlington",4.8,(100+)
"STRENGTH TRAINING, BOXING",BodySmith Training Gyms,"1630 14th St NW, Washington",4.7,(1000+)
CYCLING,Posh Cycling and Fitness,"9925 Rhode Island Avenue, College Park",4.9,(100+)
ROWING,DC Row,"790 Maine Ave SW, Washington",4.6,(1000+)
"PILATES, DANCE",Jordin's Paradise,"1215 Connecticut Ave NW, Washington",4.6,(1000+)
BOXING,Urban Boxing,"4834 Cordell Ave, Bethesda",4.8,(1000+)
DANCE,"DivaDance Washington, DC","1630 14th St. NW, Washington",4.9,(100+)
"MARTIAL ARTS, DANCE",Roda Movements,"7014 Westmoreland Ave, Takoma Park",4.8,(500+)
"MARTIAL ARTS, STRENGTH TRAINING",N-FLUX,"1722 I Street NW, Washington",4.8,(500+)
DANCE,Dance Trance DC,"Located on the 3rd floor of Balance Gym, 1339 Green Ct NW, Washington",4.7,(1000+)
"YOGA, STRENGTH TRAINING",Pulse Fitness,"5110 Ridgefield Rd, Suite 401, Bethesda",4.8,(1000+)
CYCLING,Balanced Athlete Fitness Studios,"5538 Connecticut Ave NW, Washington",4.7,(1000+)
BOXING,9Round,"6410 Brandon Ave, Springfield",4.8,(500+)
STRENGTH TRAINING,Primal Fitness,"219 M St NW, Washington",4.9,(500+)
GYM TIME,OneLife Fitness,"5115 Leesburg Pike, Falls Church",4.6,(100+)
CRYOTHERAPY,Alpha Cryo-Arlington,"2445 Army Navy Dr, Arlington",4.8,(100+)
GYM TIME,Gold's Gym,"6270 Arlington Blvd, Falls Church",4.6,(500+)
"MARTIAL ARTS, BOXING",UFC Gym,"528 N Henry St, Alexandria",4.7,(500+)
"YOGA, PILATES",Haute Bodhi Hot Yoga & Pilates,"4908 Wisconsin Ave NW, Washington, DC",4.7,(100+)
"YOGA, PILATES",Mind the Mat Pilates and Yoga,"2214 Mount Vernon Avenue, Alexandria",4.7,(100+)
"YOGA, PILATES",Simon Says Yoga,"4611 Sangamore Road, Bethesda",4.7,(100+)
DANCE,Divas and Dolls Fitness,"4580 Beech Rd, Temple Hills",4.8,(100+)
YOGA,Power Nectar Yoga,"2708 Richmond Highway, Alexandria",4.8,(100+)
PILATES,Fuse Pilates,"3301 New Mexico Ave NW, Washington",4.8,(500+)
DANCE,Pole Pressure,"1322 14th St NW, Second Floor, Washington",4.7,(1000+)
"YOGA, STRENGTH TRAINING",City Fitness Gym,"3525 Connecticut Ave NW, Washington",4.6,(500+)
GYM TIME,Crunch Gym,"5100 Wisconsin Ave NW, Washington",4.6,(500+)
"YOGA, PILATES, …",Vikriya Lab,"106 N Lee St, Alexandria",4.8,(100+)
GYM TIME,Gold's Gym,"6960 Braddock Rd, 6940-A Braddock Shopping Center, Annandale",4.7,(100+)
DANCE,Saffron Dance,"3260 Wilson Blvd, Arlington",4.8,(500+)
MEDITATION,Eaton Wellness DC,"1201 K Street Northwest, Washington",4.9,(100+)
YOGA,Uprising Yoga Center,"3212 O Street Northwest Lower Level, Washington",4.9,(100+)
PILATES,Toolbox,"1627 Connecticut Ave NW, Washington",4.8,(1000+)
DANCE,CHampion Lifestyle Fitness - Dance Fitness,"3400 14th Street NW, Washington",5.0,(100+)
GYM TIME,Gold's Gym,"3505 Carlin Springs Rd, Bailey's Crossroads",4.7,(100+)
YOGA,Yoga Toka,"3260 Duke Street, Alexandria",4.7,(100+)
YOGA,Good Vibes Yoga,"Bradlee Medical Building, 3541 W Braddock Rd, Suite 206, Alexandria",4.8,(100+)
"YOGA, PILATES",Mind the Mat Pilates and Yoga,"3300 Fairfax Drive Unit B, Arlington",4.7,(100+)
GYM TIME,Gold's Gym,"255 S Van Dorn St, Alexandria",4.6,(100+)
DANCE,F.I.T. 4 Polers,"2304 Huntington Ave, Alexandria",4.7,(100+)
"MASSAGE, FACIAL, …",Mynd Spa & Salon,"5225 Wisconsin Avenue Northwest, Washington DC",4.7,(100+)
"MEDITATION, YOGA",The Glow Club,"1913 9th Street Northwest , 2nd floor, Washington",4.9,(100+)
"YOGA, PILATES, …",Mind Your Body Oasis,"1750 Crystal Dr, Arlington",4.7,(100+)
"MASSAGE, FACIAL, …",The Red Door Salon & Spa,"1401 Pennsylvania Avenue Northwest, Washington",4.6,(100+)
DANCE,The Washington School of Ballet,"3308 Wisconsin Ave NW, Suite 204, Washington",4.8,(100+)
"YOGA, PILATES",Balance Studio,"4719 Rosedale Ave, Bethesda",4.7,(1000+)
PILATES,Fuel Body Lab,"Entrance on 30th Street , 2934 M St NW, 2nd Floor, Washington",4.7,(1000+)
"PILATES, STRENGTH TRAINING",Body Dynamics,"410 S Maple Ave, Falls Church",4.6,(100+)
STRENGTH TRAINING,CrossFit DC,"1507 U St NW, Washington",4.8,(500+)
STRENGTH TRAINING,MAD Fitness,"7322 Carroll Ave., Takoma Park",4.8,(100+)
DANCE,Maryland Youth Ballet,"926 Ellsworth Drive, Silver Spring",4.9,(59)
BEAUTY,Glam+Go,"2401 M St NW, Washington",4.6,(100+)
YOGA,Ashtanga Yoga Studio DC,"5117 MacArthur Blvd, Washington",4.9,(100+)
DANCE,Salsa With Silvia,"3232 Georgia Avenue Northwest, Suite 104, Washington",4.8,(100+)
STRENGTH TRAINING,BT FITNESS,"20 S Quaker Ln, Suite 130, Alexandria",4.9,(100+)
DANCE,Dance @ the ABY,"1325 W St NW, Washington",4.6,(100+)
STRENGTH TRAINING,LOTUS Fitness,"7117 Maple Avenue, Takoma Park",4.9,(100+)
STRENGTH TRAINING,Urban Athletic Club,"804 N St NW, Washington DC",4.8,(100+)
YOGA,Numi Yoga,"4513 College Ave, College Park",4.8,(83)
CRYOTHERAPY,Capital Cryo,"3301 New Mexico Avenue NW , Suite 106, Washington",4.9,(85)
DANCE,Soka Tribe Dance Fitness,"Off Road DC, 905 U St NW, Washington",5.0,(100+)
DANCE,"DivaDance Washington, DC @ DC Pilates","526 H St NE, 2nd Floor, Washington",4.8,(500+)
STRENGTH TRAINING,Atlas Fitness,"920 11th St SE, Washington",4.9,(500+)
"MASSAGE, FACIAL, …",Mynd Spa & Salon,"1101 South Joyce Street, Arlington",4.7,(100+)
DANCE,The Dance Institute of Washington,"3400 14th St NW, Washington",4.9,(72)
"PILATES, STRENGTH TRAINING, …",Ignite Good Health,"4907 Cordell Ave, 2nd Floor, Bethesda",4.7,(100+)
"YOGA, STRENGTH TRAINING",Body by Buckner,"1310 Pennsylvania Avenue Southeast, Washington",4.9,(54)
"PRENATAL, YOGA",Breathing Space Yoga,"641 Pennsylvania Ave SE, Washington",4.8,(51)
BOXING,Bethesda Boxing and Kickboxing Academy,"4940 St Elmo Ave, Bethesda",4.6,(100+)
STRENGTH TRAINING,Urban Athletic Club,"Kimpton Glover Park Hotel, Level G1, 2505 Wisconsin Ave NW, Washington",4.9,(100+)
STRENGTH TRAINING,Body Shop Fitness by Design LLC,"224 North Henry Street, Alexandria",5.0,(91)
DANCE,My Body Shop,"6001 66th Ave, East Riverdale",4.7,(100+)
YOGA,Sweetbay Yoga,"5456 Westbard Avenue, Bethesda",4.7,(42)
MASSAGE,Bethesda Salt Cave,"4709 Montgomery Lane, Bethesda",4.5,(100+)
CRYOTHERAPY,Capital Cryo,"4912 Hampden Ln, Bethesda",4.9,(100+)
DANCE,Jazzercise,"200 N Glebe Rd, Lobby Level, Arlington",4.7,(100+)
"YOGA, MARTIAL ARTS, …",Karma Yoga,"246-A West Broad Street, Falls Church",4.6,(87)
MASSAGE,Washington Injury and Sports Performance Clinic,"1444 I Street Northwest, Lower Level, Washington",4.4,(100+)
STRENGTH TRAINING,Foundation Fitness,"4380 MacArthur Blvd, Washington",4.7,(100+)
MASSAGE,Unwind Wellness,"1990 18th St NW, Washington",4.9,(78)
STRENGTH TRAINING,Capstone Performance Training,"444 West Broad Street Suite B, Falls Church",4.8,(30)
STRENGTH TRAINING,CenterPointe,"1802 Adams Mill Rd NW, Washington",4.8,(500+)
STRENGTH TRAINING,Ballston CrossFit,"1110 N Glebe Rd, Arlington",4.7,(100+)
DANCE,Mix It Up Dance Fitness,"Roda Movement 7014-A Westmoreland Ave., Takoma Park",4.7,(36)
BOXING,Hard Training Club,"1726 Kalorama Rd NW, Washington",4.7,(100+)
STRENGTH TRAINING,Fitology,"6831 Wisconsin Ave, 401, Bethesda",4.5,(81)
DANCE,Jazzercise,"5020 Battery Ln, Bethesda",4.7,(100+)
STRENGTH TRAINING,American Parkour,"219 M St NW, Washington",4.7,(100+)
STRENGTH TRAINING,Laurie Granger Boot Camps,"1516 N. Lincoln Street, Arlington",4.9,(50)
STRENGTH TRAINING,Elements Fitness and Wellness Center,"2233 Wisconsin Ave NW, Suite #217, Washington",5.0,(49)
YOGA,Bikram Yoga,"5416 Eisenhower Avenue, Alexandria",4.7,(24)
STRENGTH TRAINING,Clarendon Personal Training,"2907 Wilson Blvd, Arlington",4.9,(46)
STRENGTH TRAINING,Physiology Fitness,"1102 5th Street Northwest Unit B, Washington",4.9,(24)
YOGA,Sky House Yoga,"1111 Spring St, Silver Spring",4.4,(51)
"MASSAGE, FACIAL",Illa Spa,"2035 P Street Northwest, Washington",4.4,(90)
STRENGTH TRAINING,Sam Pfister Training,"1271 5th St NE, Washington",4.9,(28)
BARRE,Studio Body Logic,"4001 9th St N, Suite 108, Arlington",4.5,(100+)
DANCE,Dance Studio Lioudmila,"18 Roth St, Alexandria",5.0,(26)
"YOGA, BARRE",Grace Barre & Yoga,"2499 N Harrison Street, Lower Level, Suite 1, Studio C, Arlington",5.0,(21)
DANCE,Serpentine Dance Studios,"4930 Saint Elmo Avenue, Bethesda",4.9,(63)
PILATES,Excel Pilates,"3407 8th Street NE, Washington",4.7,(59)
DANCE,Jazzercise,"1605 Cameron St, Alexandria",4.7,(53)
STRENGTH TRAINING,FO Fitness,"4819 Eisenhower Ave, Ste A, Alexandria",4.7,(30)
STRENGTH TRAINING,Sergeant's Fitness Concepts,"2315 South Grant Street, Arlington",4.8,(26)
DANCE,Born 2 Dance,"Inside Theater On The Run, 3700 S Four Mile Run Dr, Arlington",4.8,(100+)
MASSAGE,Unwind Wellness,"1054 Thomas Jefferson St NW, Washington",4.7,(49)
RUNNING,Pacers Running,"1821 14th Street Northwest, Washington",5.0,(15)
BARRE,Studio Body Logic,"2417 Mt Vernon Ave, Alexandria",4.5,(84)
"STRENGTH TRAINING, BOXING",WeRep Fitness,"1112 16th Street Northwest, #140, Washington",4.8,(14)
"YOGA, DANCE",Twist and Turns Body Fitness,"5521 Colorado Ave NW, Suite 3, Washington",4.8,(53)
PILATES,Capital Pilates Studio,"4900 Massachusetts Ave NW, Washington",4.9,(19)
BOXING,Square Fit with Swift,"5814 Allentown Way, Camp Springs",5.0,(36)
CYCLING,AmeanSpinn,"11222 Grandview Ave , Ste. 7 , Silver Spring",4.5,(100+)
STRENGTH TRAINING,Stroller Strong Moms,"1600 S Hayes St, Arlington",4.9,(62)
"YOGA, STRENGTH TRAINING, …",Cypress Fitness,"6867 Elm Street, McLean",4.9,(19)
STRENGTH TRAINING,Chevy Chase Athletic Club,"5454 Wisconsin Ave, Chevy Chase",3.9,(39)
DANCE,ZUMBA with Elena,"5207 Wisconsin Ave NW, Washington",4.8,(77)
"DANCE, BOXING",WJW Fitness,"6725 Suitland Road , Suite 202, Morningside",4.9,(10)
YOGA,Dream Yoga Studio & Wellness Center,"1485 Chain Bridge Road #104, McLean",4.4,(15)
"YOGA, STRENGTH TRAINING, …",JTCC,"5200 Campus Drive, College Park",4.1,(17)
DANCE,Jazzercise Washington DC NW,"2437 15th Street Northwest, Washington",4.7,(20)
DANCE,Brilliant Body Movement,"3232 Georgia Ave. NW, Washington D.C.",4.9,(17)
STRENGTH TRAINING,Fab Body Factory,"8027-C Penn Randall Pl, Upper Marlboro",4.6,(6)
"MARTIAL ARTS, BOXING",Guerrera,"1722 I St NW , lower level, Washington",5.0,(7)
GYM TIME,DOLFA Exercise Studio,"200 Constitution Ave NW,, Washington",3.4,(16)
STRENGTH TRAINING,More Than Human LLC,"1726 Kalorama Road NW, Washington DC",4.1,(21)
STRENGTH TRAINING,FRU FIT,"7828 Parstons Drive, Forestville",5.0,(7)
"PILATES, STRENGTH TRAINING",Johnnie Boi Fitness,"6901 Old Alexandria Ferry Road, Clinton",4.9,(17)
YOGA,Yoga In Daily Life,"2402 Mount Vernon Avenue, Alexandria",4.2,(50)
DANCE,Tango Mercurio,"1812 Ingleside Ter NW , #5, Washington",5.0,(8)
STRENGTH TRAINING,Sergeant's Fitness Concepts,"3210 King Street, Alexandria",5.0,(6)
STRENGTH TRAINING,Sergeant's Fitness Concepts,"5910 Goldsboro Road, Bethesda",5.0,(9)
"STRENGTH TRAINING, OUTDOORS",BbG Fitness,"2845 Marcey Road, Arlington",4.8,(5)
MARTIAL ARTS,Victory Karate,"9332 Georgia Ave, Silver Spring",4.3,(6)
DANCE,Jazzercise,"1108 Jefferson St, Alexandria",4.8,(33)
STRENGTH TRAINING,Got Your Back Total Health,"4900 Massachusetts Ave NW, Washington",4.9,(28)
"MASSAGE, SAUNA",Spa By Ivanka Trump,"1100 Pennsylvania Ave NW, Washington",4.2,(7)
DANCE,Afrobeat Fit DC,"Dance Loft on 14th, 4618 14th Street NW, Washington",4.7,(9)
YOGA,River's Edge Yoga,"300 Montgomery St, Suite 201, Alexandria",4.7,(47)
"MASSAGE, FACIAL, …",Mynd Spa & Salon,"7777 Baltimore Avenue, College Park",4.4,(9)
"YOGA, STRENGTH TRAINING",Fitness Snob Studio,"617 Rhode Island Ave NE, Washington",4.7,(7)
DANCE,Dance Loft on 14,"4618 14th St NW, 2nd Floor, Washington",4.7,(51)
"YOGA, BARRE",Grace Barre & Yoga,"1800 North Highland Street, Arlington",4.6,(6)
YOGA,Bikram Yoga Alliance,"1073 West Broad Street Suite 213, Falls Church",4.2,(14)
FACIAL,Personal Esthetics,"1762 Columbia Road Northwest, Unit 3, Washington",4.5,(5)
STRENGTH TRAINING,TeamDunston,"2700 S Quincy St, Suite 100A (Lvl B), Arlington",4.9,(38)
DANCE,Jazzercise VA,"4710 N Chambliss St, Alexandria",4.8,(89)
BARRE,sidebarre,"3400 14th Street NW , Washington",4.3,(12)
DANCE,Zumba Cheri,"617 Rhode Island Ave. NE, Washington",4.4,(12)
DANCE,Jazzercise,"1115 Martha Custis Dr, Alexandria",4.3,(7)
YOGA,Train Like a Pro,"1050 Connecticut Ave NW, The Washington Square Building, Washington",2.6,(6)
YOGA,Train Like a Pro,"1666 K Street Northwest, Washington",3.2,(12)
