STRENGTH TRAINING,Training Mate,"7825 Santa Monica Blvd, West Hollywood",5.0,(5000+)
STRENGTH TRAINING,Training Mate,"12429 Ventura Blvd, Los Angeles",4.9,(5000+)
YOGA,sweat yoga,"702 Arizona Ave, Santa Monica",4.9,(5000+)
CYCLING,Cycle House,"8511 Melrose Ave, West Hollywood",4.9,(5000+)
YOGA,sweat yoga,"12105 E Waterfront Dr, Los Angeles",4.9,(5000+)
"STRENGTH TRAINING, ROWING",LIT Method,"*NEW LOCATION*, 358 La Cienega Blvd, Los Angeles",4.9,(5000+)
RUNNING,Circuit Works,"2005 Main St, Santa Monica",4.9,(5000+)
PILATES,Carrie's Pilates Plus,"7960 W 3rd St, Los Angeles",4.9,(5000+)
"YOGA, BOXING",IRON Fitness,"1919 Broadway, Santa Monica",4.9,(5000+)
PILATES,Pilates Plus,"2630 Hyperion Ave, Los Angeles",4.9,(5000+)
BOXING,BoxUnion,"1755 Ocean Ave, Santa Monica",4.9,(5000+)
BOXING,BoxUnion,"120 North Robertson Boulevard, Los Angeles",4.9,(5000+)
"STRENGTH TRAINING, RUNNING",Barry's Bootcamp,"1500 South Lincoln Blvd, Venice, Los Angeles",4.9,(5000+)
CYCLING,GritCycle,"3850 Worsham Ave, Suite 430, Lakewood",4.9,(5000+)
STRENGTH TRAINING,Bunda,"8231 W 3rd St, Los Angeles",4.9,(5000+)
PILATES,Mighty Pilates,"625 Montana Ave, Suite M, Santa Monica",4.9,(5000+)
"YOGA, CYCLING",Hype,"1932 Hyperion Ave, Los Angeles",4.8,(5000+)
CYCLING,CycleBar,"4130 Sepulveda Blvd, Culver City",4.9,(5000+)
YOGA,Modo Yoga LA,"1755 Glendale Blvd, Los Angeles",4.9,(5000+)
"YOGA, CYCLING, …",Set and Flow,"1619 N La Brea Ave, Los Angeles",4.8,(5000+)
STRENGTH TRAINING,Rise Nation,"613 N La Cienega Blvd, West Hollywood",4.9,(5000+)
"STRENGTH TRAINING, ROWING",Training Mate,"1454 Lincoln Boulevard, Santa Monica",4.9,(5000+)
PILATES,Natural Pilates,"11638 Barrington Ct, Los Angeles",4.9,(5000+)
PILATES,dr pilates - Larchmont,"418 N Larchmont Blvd, Los Angeles",4.8,(5000+)
YOGA,Y7 Studio,"4300 Sunset Blvd, Los Angeles",4.8,(5000+)
YOGA,Y7 Studio,"8270 Melrose Ave, Los Angeles",4.9,(5000+)
STRENGTH TRAINING,Sweat Garage,"801 N Fairfax Ave, Ste 104, Los Angeles",4.9,(5000+)
PILATES,Lagree Fitness Studio,"375 N La Cienega Blvd, Suite 1, Los Angeles",4.9,(5000+)
YOGA,Modo Yoga LA,"340 S La Brea Ave, Los Angeles",4.9,(5000+)
PILATES,dr pilates - Wilshire,"5480 Wilshire Blvd, Los Angeles",4.9,(5000+)
"STRENGTH TRAINING, RUNNING",Barry's Bootcamp,"6201 Hollywood Blvd, Suite 110, Los Angeles",4.9,(5000+)
YOGA,Kinship Yoga,"5612 N Figueroa St, Los Angeles",4.9,(5000+)
STRENGTH TRAINING,HIIT House LA,"413 S Fairfax Ave, Los Angeles",4.9,(5000+)
PILATES,Hot Pilates,"8604 Sunset Blvd, West Hollywood",4.9,(5000+)
BOXING,Prevail Boxing,"5957 W 3rd St, Los Angeles",4.9,(5000+)
DANCE,Body by Simone,"137 S Barrington Pl, Los Angeles",4.9,(5000+)
"STRENGTH TRAINING, RUNNING",Barry's Bootcamp,"1106 N La Cienega Blvd, West Hollywood",4.9,(5000+)
STRENGTH TRAINING,Sanctuary Fitness,"718 Jackson St, Los Angeles",4.9,(5000+)
PILATES,EDEN by Eden Sassoon Pilates,"109 N La Cienega Blvd, Beverly Hills",4.9,(5000+)
"PILATES, RUNNING",Fitmix Studio,"3104 Glendale Blvd, Los Angeles",4.9,(5000+)
PILATES,Speir Pilates,"1427 7th St, Santa Monica",4.9,(5000+)
PILATES,Mighty Pilates,"13727 Ventura Blvd, Los Angeles",4.8,(5000+)
YOGA,Love Yoga Venice,"835 Lincoln Blvd, Los Angeles",4.8,(5000+)
STRENGTH TRAINING,The Studio (MDR),"13357 W Washington Blvd, Los Angeles",4.9,(5000+)
STRENGTH TRAINING,Double Ops Functional Training,"1317 7th St, Suite B, Santa Monica",4.9,(5000+)
"STRENGTH TRAINING, BOXING",CruBox,"8453 Melrose Ave, West Hollywood",4.9,(5000+)
"STRENGTH TRAINING, RUNNING",Burn 60 Studios,"8969 Santa Monica Blvd, West Hollywood",4.9,(5000+)
DANCE,Body By Simone,"8625 Santa Monica Blvd, West Hollywood",4.9,(5000+)
PILATES,Pilates Platinum,"1907 S Lincoln Blvd, Los Angeles",4.8,(5000+)
CYCLING,Revolutions Cycling Studio,"1457 Colorado Blvd, Suite 101, Los Angeles",4.9,(5000+)
"PILATES, RUNNING",Fitmix Studio,"601 N La Brea Ave, Los Angeles",4.9,(5000+)
"STRENGTH TRAINING, RUNNING",Burn 60 Studios,"159 S Barrington Pl, Los Angeles",4.9,(5000+)
BARRE,The Dailey Method,"1327 Abbot Kinney Blvd, Suite B, Los Angeles",4.9,(5000+)
STRENGTH TRAINING,Novo Body,"15928 Ventura Blvd, Unit 108, Los Angeles",4.9,(5000+)
STRENGTH TRAINING,The Studio (MDR),"330 W Washington Blvd, Marina del Rey",4.9,(5000+)
PILATES,Motivate,"410 E Broadway, Glendale",4.9,(5000+)
PILATES,Natural Pilates,"8436 West 3rd Street Ste 602, Los Angeles",4.9,(1000+)
"STRENGTH TRAINING, DANCE",PLATEFIT - Brentwood,"13050 San Vicente Blvd, #208, Los Angeles",4.9,(5000+)
YOGA,Modo Yoga LA,"2570 Lincoln Boulevard, Los Angeles",4.8,(5000+)
YOGA,PLAYLIST. Yoga,"624 N La Cienega Blvd, West Hollywood",4.9,(5000+)
GYM TIME,Crunch Gym,"8000 Sunset Blvd, Los Angeles",4.8,(5000+)
YOGA,Evoke Yoga,"731 S Spring St, Los Angeles",4.9,(5000+)
"STRENGTH TRAINING, RUNNING",Barry's Bootcamp,"700-B Allied Way, Suite B5.02, El Segundo",4.9,(1000+)
YOGA,The Yoga Collective,"512 Rose Ave, Los Angeles",4.9,(5000+)
PILATES,Pilates Platinum,"11755 Wilshire Blvd, Suite 60, Los Angeles",4.8,(5000+)
CYCLING,Indigo Fitness,"3733 Sunset Blvd, Los Angeles",4.9,(1000+)
PILATES,Phitosophy,"127 N San Fernando Blvd, Burbank",4.9,(1000+)
STRENGTH TRAINING,Stride,"906 Granite Dr, Pasadena",4.9,(5000+)
PILATES,Studio Elevate LA,"12462 W Washington Blvd, Los Angeles",4.9,(5000+)
YOGA,White Heat Yoga,"11049 W Magnolia Blvd, Ste. 500, Los Angeles",4.8,(5000+)
"YOGA, BOXING",IRON Fitness,"11601 Wilshire Blvd, #105, Los Angeles",4.9,(5000+)
PILATES,Pilates Plus,"13205 Ventura Blvd, Los Angeles",4.8,(5000+)
PILATES,Natural Pilates,"2894 Rowena Ave, Los Angeles",4.9,(5000+)
YOGA,Red Diamond Yoga,"3500 Overland Ave, Suite 210, Los Angeles",4.8,(5000+)
BARRE,Physique 57,"320 N Canon Dr, Beverly Hills",4.9,(5000+)
PILATES,Tribe Pilates,"911 Pico Boulevard, Santa Monica",4.9,(1000+)
CYCLING,Sycle,"10112 Riverside Dr, Los Angeles",4.8,(5000+)
ROWING,Speedplay,"1113 S Hope St, Los Angeles",4.9,(5000+)
PILATES,WundaBar Pilates,"1864 N Vermont Ave, /2 #A, Los Angeles",4.9,(5000+)
YOGA,YogaHop,"1612 Montana Ave, 2nd Floor, Santa Monica",4.9,(5000+)
CYCLING,SPIN Movement,"2309 Huntington Dr, San Marino",4.9,(5000+)
CYCLING,Chrome Cycle Studio,"2180 Westwood Blvd, Suite 2G, Los Angeles",4.8,(5000+)
CYCLING,EvolvCycle,"12038 Ventura Blvd, Los Angeles",4.8,(5000+)
PILATES,Karen Lord Pilates Movement,"1729 Abbott Kinney Blvd , Venice",4.9,(1000+)
YOGA,CorePower Yoga,"7080 Hollywood Blvd, Los Angeles",4.8,(5000+)
PILATES,AVENIR-LA,"4370 Fountain Avenue, Los Angeles",4.9,(1000+)
STRENGTH TRAINING,BRICK Los Angeles,"7811 Santa Monica Blvd, West Hollywood",4.9,(5000+)
CYCLING,BESPOKE Cycling Studio,"735 S Figueroa St, #105, Los Angeles",4.8,(5000+)
YOGA,One Down Dog,"4343 Sunset Blvd, # 208, Los Angeles",4.8,(5000+)
YOGA,yogaraj,"2001 S Barrington Ave, Los Angeles",4.9,(5000+)
PILATES,Coreology Fitness,"2403 N Sepulveda Blvd, Manhattan Beach",4.9,(5000+)
"STRENGTH TRAINING, DANCE",PLATEFIT,"309 N Kings Rd, Los Angeles",4.8,(5000+)
STRENGTH TRAINING,Basecamp Fitness,"1315 Lincoln Blvd, Santa Monica",4.9,(5000+)
BOXING,JFM Boxing Club,"3127 W Washington Blvd, Marina del Rey",4.9,(5000+)
"YOGA, CYCLING",Sync Yoga and Cycle,"217 W California Ave, Glendale",4.9,(5000+)
PILATES,Natural Pilates,"9869 S Santa Monica Blvd, Beverly Hills",4.9,(5000+)
YOGA,Veda Yoga,"9349 Venice Blvd, Culver City",4.8,(5000+)
PILATES,Be Pilates,"1393 E Washington Blvd, Pasadena",4.9,(1000+)
BOXING,Classic Kickboxing,"91 E Union St, Pasadena",4.9,(5000+)
"STRENGTH TRAINING, RUNNING",Barry's Bootcamp,"14622 Ventura Blvd, Ste 201, Los Angeles",4.9,(5000+)
YOGA,CorePower Yoga,"168 W Green St, Suite 113, Pasadena",4.8,(5000+)
YOGA,CorePower Yoga,"3575 Cahuenga Blvd W, #222, Los Angeles",4.9,(5000+)
"STRENGTH TRAINING, DANCE",modelFIT,"8067 W 3rd St, Los Angeles",4.8,(5000+)
PILATES,Sweat Pilates,"6138 W Washington Blvd, Culver City",4.8,(5000+)
GYM TIME,Crunch Gym,"761 N San Fernando Blvd, Burbank",4.9,(5000+)
PILATES,Pilates Platinum,"1255 2nd St, Santa Monica",4.9,(5000+)
PILATES,Claudia Martin Studio,"7603 Melrose Ave, Los Angeles",4.8,(5000+)
DANCE,LA Dancefit Studio,"10936 Santa Monica Blvd, Los Angeles",4.8,(5000+)
YOGA,CorePower Yoga,"13920 Ventura Blvd, Los Angeles",4.9,(1000+)
"YOGA, BARRE",exhale,"101 Wilshire Blvd, Entrance on 2nd St. between Wilshire & California, Santa Monica",4.8,(5000+)
BARRE,Barreworks Studio,"11740 San Vicente Blvd, Suite 210, Los Angeles",4.9,(5000+)
YOGA,One Down Dog,"2150 Colorado Blvd, Los Angeles",4.8,(5000+)
GYM TIME,Gold's Gym,"1016 Cole Ave, Los Angeles",4.8,(5000+)
CYCLING,Beatbike Indoor Cycling,"18700 Ventura Blvd, Los Angeles",4.9,(5000+)
"MEDITATION, YOGA",Roam LA,"650 N Hoover St, Los Angeles",4.9,(1000+)
YOGA,sweatheory,"1503 N Cahuenga Blvd, Los Angeles",4.9,(5000+)
YOGA,HYPERSLOW,"487 S Fairfax Ave, Los Angeles",4.9,(5000+)
CYCLING,AuraCycle,"8231 W 3rd St, Ste E, Los Angeles",4.8,(5000+)
PILATES,HIP Studio,"1200 Pacific Coast Hwy, Hermosa Beach",4.9,(1000+)
PILATES,Pilates Plus,"531 North Hollywood Way, Burbank",4.8,(1000+)
"STRENGTH TRAINING, DANCE",PLATEFIT - Studio City,"13033 Ventura Blvd, Los Angeles",4.8,(5000+)
MEDITATION,The DEN Meditation,"360 S La Brea Ave, Los Angeles",4.8,(5000+)
"YOGA, STRENGTH TRAINING",S.E.L.F. Fitness South Bay,"1603 Aviation Blvd, Ste 15, Redondo Beach",4.8,(1000+)
CRYOTHERAPY,CryoZone,"924 Wilshire Blvd, Santa Monica",4.9,(5000+)
YOGA,Ra Yoga,"3860 Worsham Ave, Suite 310 L, Long Beach",4.8,(1000+)
ROWING,SpeedX,"11755 Wilshire Blvd, Suite 40, Los Angeles",4.8,(5000+)
YOGA,Black Dog Yoga,"4454 Van Nuys Blvd, Suite 206, Los Angeles",4.8,(5000+)
"YOGA, STRENGTH TRAINING",Swerve,"8250 W 3rd St, Los Angeles",4.9,(5000+)
BARRE,Pure Barre,"201 Wilshire Blvd, Santa Monica",4.8,(5000+)
PILATES,Pilates Platinum,"1330 N Highland Ave, Suite B, Los Angeles",4.8,(5000+)
YOGA,sweat yoga,"360 E 2nd St, Los Angeles",4.8,(1000+)
MEDITATION,Unplug Meditation,"12401 Wilshire Blvd, Los Angeles",4.8,(5000+)
CYCLING,Pharos Athletic Club,"1316 Glendale Blvd, Los Angeles",4.9,(1000+)
GYM TIME,Built Gymnasium,"4005 Highland Ave, Manhattan Beach",4.9,(1000+)
PILATES,Pilates Plus,"1990 Westwood Blvd, Suite 120, Los Angeles",4.8,(5000+)
STRENGTH TRAINING,Sanctuary Fitness,"182 South Raymond Avenue, Pasadena",4.9,(1000+)
STRENGTH TRAINING,Pulse Fitness Studio,"14396 Ventura Blvd, Los Angeles",4.9,(5000+)
STRENGTH TRAINING,FitBox,"14539 Ventura Blvd, Los Angeles",4.9,(5000+)
PILATES,Pilates Plus,"16101 Ventura Blvd, Suite 210, Los Angeles",4.8,(5000+)
BARRE,Pure Barre,"11819 Wilshire Blvd, Ste 213, Los Angeles",4.8,(5000+)
"YOGA, CYCLING, …",Coreology Fitness,"777 Alameda Street Suite 136, Los Angeles",4.9,(1000+)
YOGA,Alo Yoga,"370 N Canon Dr, Beverly Hills",4.9,(5000+)
YOGA,Yogala Studios,"1840 Echo Park Ave, Los Angeles",4.8,(5000+)
PILATES,G:50,"138 S Robertson Blvd, Los Angeles",4.8,(1000+)
PILATES,Motivate,"2468 Glendale Boulevard, Los Angeles",4.9,(1000+)
BARRE,Pure Barre,"740 S Olive St, Suite 106, Los Angeles",4.8,(5000+)
YOGA,Purple Yoga,"140 W Amerige Ave, Fullerton",4.8,(1000+)
PILATES,Pilates and Arts,"1844 Echo Park Ave, Los Angeles",4.8,(5000+)
MEDITATION,Unplug Meditation,"8500 Melrose Ave, West Hollywood",4.8,(5000+)
CYCLING,CycleBar,"8305 Sunset Blvd, Unit E, Los Angeles",4.9,(5000+)
CYCLING,RYDE4,"1233 3rd Street Promenade, Roof Deck, Santa Monica",4.8,(5000+)
YOGA,Studio Surya Yoga,"1501 Main St, #106, Los Angeles",4.9,(5000+)
YOGA,One Down Dog,"319 Glendale Boulevard, Los Angeles",4.8,(1000+)
"CYCLING, BOXING",Basecamp Fitness,"38 S El Molino Ave, Pasadena",4.9,(5000+)
PILATES,Motivate,"3600 N Verdugo Rd, #106, Glendale",4.9,(1000+)
PILATES,Bodyline Pilates Fitness,"9171 Wilshire Blvd, Suite A, Beverly Hills",4.8,(5000+)
"GYM TIME, CYCLING, …",Revolution Fitness,"1211 Montana Ave, Santa Monica",4.8,(5000+)
"CYCLING, BOXING",Basecamp Fitness,"8714 Santa Monica Blvd, Suite C, West Hollywood",4.9,(5000+)
STRENGTH TRAINING,Poise Fitness,"428 California 1, Hermosa Beach",4.9,(5000+)
PILATES,Harmony Studios Pilates,"8440 Santa Monica Blvd, West Hollywood",4.9,(5000+)
YOGA,Love Yoga East,"2110 Sunset Blvd, Suite 0, Los Angeles",4.8,(5000+)
BARRE,Pure Barre,"7519 Sunset Blvd, Los Angeles",4.9,(5000+)
DANCE,The Playground LA,"7375 Melrose Ave, Los Angeles",4.8,(1000+)
BARRE,The Bar Method,"1950 Sawtelle Blvd, Ste 110, Los Angeles",4.9,(5000+)
BARRE,The Bar Method,"13400 W Washington Blvd, Suite 201, Marina del Rey",4.8,(5000+)
YOGA,Yoga Salt,"11955 W Washington Blvd, Los Angeles",4.8,(5000+)
YOGA,Santa Anita Hot Yoga Studio,"290 Rolyn Pl, Arcadia",4.8,(5000+)
"CYCLING, BARRE",Fit On Studios,"2407 N Sepulveda Blvd, Manhattan Beach",4.8,(5000+)
YOGA,AuraYoga,"8608 Sunset Blvd, A, West Hollywood",4.8,(5000+)
DANCE,Luscious Maven,"11135 Weddington St, #113, Los Angeles",4.9,(1000+)
YOGA,YogaWorks,"230 N Larchmont Blvd, Los Angeles",4.8,(5000+)
BARRE,The Bar Method,"8416 W 3rd St, Los Angeles",4.9,(5000+)
YOGA,Evolution Fitness,"6826 S Centinela Ave, Culver City",4.9,(5000+)
DANCE,Moore Dancing,"11943 Montana Ave, Los Angeles",4.8,(5000+)
YOGA,YogaWorks,"2215 Main St, Santa Monica",4.8,(5000+)
PILATES,PowerCore Pilates Studio,"4718 Woodman Ave, Los Angeles",4.8,(5000+)
YOGA,Light On Lotus,"12421 Venice Blvd, 2nd Floor, Los Angeles",4.9,(5000+)
YOGA,Purple Yoga,"6535 Pacific Coast Hwy, Long Beach",4.8,(5000+)
"YOGA, STRENGTH TRAINING",Sweat 60,"2621 Pico Blvd, Santa Monica",5.0,(1000+)
PILATES,WundaBar Pilates,"12416 Ventura Blvd, Los Angeles",4.8,(5000+)
CRYOTHERAPY,Cryo Cafe,"8457 Melrose Ave, Unit A, West Hollywood",4.9,(5000+)
"YOGA, DANCE",Knockout LA,"177 Culver Blvd, Los Angeles",4.9,(1000+)
BARRE,The Bar Method,"11239 Ventura Blvd, Suite 214, Los Angeles",4.9,(5000+)
PILATES,PILATES+DTLA,"101 W. 8th St., Los Angeles",4.8,(5000+)
YOGA,YogaWorks,"1426 Montana Ave, Santa Monica",4.8,(5000+)
YOGA,Namaste Highland Park,"5118 York Blvd, Los Angeles",4.8,(5000+)
YOGA,CorePower Yoga,"17175 Ventura Blvd, Los Angeles",4.8,(1000+)
STRENGTH TRAINING,Burn Fitness,"1233 3rd Street Promenade, Santa Monica",4.8,(5000+)
"PRENATAL, YOGA",Alo Yoga,"189 The Grove Dr, Los Angeles",4.9,(1000+)
YOGA,CorePower Yoga,"4407 Redondo Beach Blvd, Lawndale",4.8,(1000+)
YOGA,The Yoga Collective,"1221 2nd Street, Santa Monica",4.9,(1000+)
BARRE,Pure Barre,"107 S Fair Oaks Ave, Suite 109, Pasadena",4.8,(5000+)
"AERIAL, DANCE",Believe Fitness,"113 Sierra St, El Segundo",4.8,(1000+)
STRENGTH TRAINING,HIIT Circuit Training,"1038 Hermosa Ave, Hermosa Beach",4.9,(1000+)
YOGA,YogaWorks,"12746 W Jefferson Blvd, Suite 3120, Los Angeles",4.7,(5000+)
"PILATES, STRENGTH TRAINING, …",RockIt Body Pilates,"1834 North Sepulveda Boulevard, Manhattan Beach",4.9,(1000+)
YOGA,Yoga Vibe,"7327 Santa Monica Blvd, West Hollywood",4.8,(1000+)
CYCLING,Purple Pedal,"120 W Wilshire Ave, Fullerton",4.8,(1000+)
PILATES,Pilates Place,"1506 Montana Ave, Santa Monica",4.8,(5000+)
DANCE,Danceline LA Culver City,"3625 Hayden Avenue, Culver City",4.8,(1000+)
BOXING,Real Fitness,"8367 W Manchester Ave, Los Angeles",4.9,(1000+)
MEDITATION,Ceremony Meditation,"417 Rose Ave, Los Angeles",4.8,(1000+)
GYM TIME,Gold's Gym,"6000 Sepulveda Blvd, Suite 1200, Culver City",4.8,(1000+)
STRENGTH TRAINING,The Studio (MDR),"12775 W. Millennium Dr. Ste. 150, Playa Vista",4.9,(1000+)
DANCE,Ballet Bodies,"8376 Beverly Blvd, Los Angeles",4.9,(5000+)
STRENGTH TRAINING,Psycho,"8474 West 3rd Street, #214, Los Angeles",4.9,(1000+)
STRENGTH TRAINING,Unlimited Fitness,"3219 Manhattan Ave, Hermosa Beach",4.9,(1000+)
RUNNING,DASH Run Studio,"720 Wilshire Boulevard , Ste. 100, Santa Monica",4.9,(1000+)
YOGA,YogaWorks,"740 S Allied Way, El Segundo",4.7,(1000+)
YOGA,YogaWorks,"1067 N Fairfax Ave, West Hollywood",4.8,(5000+)
PILATES,Studio Pilates,"209 W Grand Ave, El Segundo",4.9,(1000+)
AERIAL,Womack and Bowman - The Loft,"1804 Flower St, Suite B, Glendale",4.9,(1000+)
MEDITATION,The DEN Meditation,"12323 Ventura Blvd, Los Angeles",4.8,(5000+)
YOGA,Yoga NoHo,"5257 Vineland Ave, Los Angeles",4.8,(1000+)
PILATES,WundaBar Pilates,"2303 Honolulu Ave, Glendale",4.8,(1000+)
BARRE,Pure Barre,"403 N Pacific Coast Hwy, Suite 200, Redondo Beach",4.8,(1000+)
YOGA,Yoga108,"242 E 3rd St, Long Beach",4.8,(1000+)
YOGA,Alo Yoga,"15225 Palisades Village Lane Suite 2-102, Los Angeles",4.9,(1000+)
"YOGA, BARRE",The Barboza Method,"7611 Sunset Blvd, Los Angeles",4.9,(1000+)
PILATES,Grace Anatomy Studio,"12445 Moorpark St, Suite F Second Floor, Los Angeles",4.8,(5000+)
"CYCLING, STRENGTH TRAINING",THE WALL,"730 South La Brea Avenue, Los Angeles",4.9,(1000+)
BOXING,Intention Boxing,"1868 N Vermont Ave, Los Angeles",4.9,(1000+)
BARRE,The Bar Method,"2829 Sunset Blvd, Los Angeles",4.9,(5000+)
YOGA,MADRE Fitness and Wellness,"1577 Colorado Blvd, Los Angeles",4.9,(1000+)
YOGA,Yoga Vibe,"1717 Hillhurst Ave, Los Angeles",4.8,(1000+)
STRENGTH TRAINING,MetconMethod,"1200 South Broadway, Los Angeles",4.9,(1000+)
YOGA,Yoga Loft,"1112 Ocean Dr, Suite 103, Manhattan Beach",4.9,(1000+)
"STRENGTH TRAINING, BOXING",The Jyim,"830 Traction Ave, STE 2B, Los Angeles",4.9,(1000+)
PILATES,Art of Pilates,"165 Culver Blvd, Unit D, Los Angeles",4.9,(1000+)
BARRE,Pop Physique,"2134 Huntington Dr, San Marino",4.8,(1000+)
PILATES,ReformFit Pilates,"18604 Ventura Blvd, Los Angeles",4.9,(1000+)
YOGA,CorePower Yoga,"1031 Glendon Ave, Los Angeles",4.8,(1000+)
YOGA,Laughing Frog Yoga,"12217 Santa Monica Blvd, Los Angeles",4.8,(5000+)
BOXING,JabX Kickboxing,"8270 Santa Monica Blvd, West Hollywood",4.9,(1000+)
"YOGA, PILATES",Harmony Yoga - Redondo Beach,"901A North Pacific Coast Highway #100, Redondo Beach",4.9,(1000+)
"CYCLING, STRENGTH TRAINING",Dragonfly Cycling,"4455 Van Nuys Blvd, Los Angeles",4.8,(5000+)
"YOGA, PILATES, …",Studio U,"760 W Washington Blvd, Marina del Rey",4.9,(1000+)
PILATES,JK Zen Fitness,"116 N Robertson Blvd, Suite 807, Los Angeles",4.9,(5000+)
"YOGA, PILATES",Samarasa Center,"1030 N Alvarado St, Ground Floor, Los Angeles",4.8,(1000+)
"YOGA, ROWING",Breakthru Fitness,"345 S Lake Ave, Suite 201, Pasadena",4.8,(5000+)
STRENGTH TRAINING,Have Body Wellness,"12304 Santa Monica Blvd, Suite 200, Los Angeles",4.8,(5000+)
BOXING,IRON,"11601 Wilshire Blvd, Suite 105, Los Angeles",4.9,(1000+)
RUNNING,Studio Metamorphosis,"1946 Hillhurst Ave, Los Angeles",4.9,(1000+)
"AERIAL, YOGA",Aeriform Arts,"1276 N Van Ness Ave, Los Angeles",4.9,(1000+)
GYM TIME,Gold's Gym,"735 S Figueroa St, Suite 100, Los Angeles",4.7,(5000+)
STRENGTH TRAINING,The Phoenix Effect,"7264 Melrose Ave, Los Angeles",4.9,(5000+)
"YOGA, CYCLING, …",Coreology Fitness,"704 Deep Valley Dr, Rolling Hills Estates",4.8,(1000+)
"YOGA, BOXING",IRON,"1919 Broadway, Santa Monica",4.9,(5000+)
PILATES,GST Body,"7562 Sunset Blvd, Los Angeles",4.9,(1000+)
STRENGTH TRAINING,The Gym LA,"11567 Santa Monica Blvd, West Los Angeles",4.9,(1000+)
"STRENGTH TRAINING, ROWING",Health House,"605C North West Knoll Drive, West Hollywood",4.9,(500+)
PILATES,Live Well Chiropractic & Pilates Center,"5553 W Pico Blvd, Los Angeles",4.9,(1000+)
"CYCLING, STRENGTH TRAINING, …",Circuit 45,"11845 W Olympic Blvd, Los Angeles",4.8,(1000+)
STRENGTH TRAINING,SURFCORE Fitness,"1756 S La Cienega Blvd, Los Angeles",4.9,(1000+)
YOGA,SoulPlay Yoga,"9711 W Washington Blvd, Culver City",4.7,(1000+)
CYCLING,Pedal Spin Studio,"266 Monterey Rd, South Pasadena",4.7,(1000+)
YOGA,Yoga Blend,"1921 W Magnolia Blvd, Burbank",4.8,(1000+)
BARRE,The Bar Method,"13050 San Vicente Blvd, Los Angeles",4.9,(5000+)
STRENGTH TRAINING,CrossFit Horsepower,"11559 Ventura Blvd, Los Angeles",4.9,(1000+)
AERIAL,Aerial Warehouse,"3961 Sepulveda Blvd, Culver City",4.9,(5000+)
STRENGTH TRAINING,SHIFT by Dana Perri,"14374 Ventura Blvd, Los Angeles",4.9,(1000+)
YOGA,Bikram Hot Yoga Long Beach,"6324 E Pacific Coast Hwy, Long Beach",4.8,(1000+)
PILATES,The Pilates Connection,"3007 Washington Blvd, Suite 200, Marina del Rey",4.8,(5000+)
PILATES,Studio Metamorphosis,"676 E Green St, Pasadena",4.9,(5000+)
STRENGTH TRAINING,Drive Cardio,"135 Entrada Dr, Santa Monica",4.9,(1000+)
YOGA,Beyond Bikram Hermosa Beach,"518 Pier Ave, Hermosa Beach",4.9,(1000+)
DANCE,Rock Star Dance Fitness,"517 N Glenoaks Blvd, Burbank",4.8,(1000+)
PILATES,The Bridge Mind Body Movement,"1820 Industrial St, #102b, Los Angeles",4.8,(1000+)
PILATES,WundaBar Pilates,"860 E Green St, Pasadena",4.7,(5000+)
DANCE,BeSpun Pole Dance,"7561 Sunset Blvd, Ste 102, Los Angeles",4.8,(1000+)
PILATES,"Oraya Movement, Inc.","8155 Beverly Boulevard, Los Angeles",4.8,(500+)
STRENGTH TRAINING,DTLA Fitness,"605 S Los Angeles St, Suite C, Los Angeles",4.9,(1000+)
DANCE,Evolve Dance Studio,"5872 W Pico Blvd, Suite A, Los Angeles",4.8,(1000+)
"DANCE, BARRE",The Space SaMo,"3009 Lincoln Blvd, Santa Monica",4.8,(1000+)
PILATES,EDEN by Eden Sassoon Pilates,"2924 Beverly Glen Cir, Los Angeles",4.9,(1000+)
YOGA,YogaWorks,"11620 Wilshire Blvd, #101, Los Angeles",4.7,(5000+)
YOGA,Electric Soul Yoga,"12408 Ventura Blvd, Los Angeles",4.8,(1000+)
PILATES,Sweat Mar Vista,"3521 S Centinela Ave, los angeles",4.8,(500+)
STRENGTH TRAINING,Crux Climb LA,"4441 Sunset Boulevard Suite F, Los Angeles",4.9,(500+)
YOGA,Forward Fold Yoga,"17071 Ventura Blvd, Suite 104, Los Angeles",4.9,(1000+)
BARRE,The Bar Method,"32 Mills Pl, Pasadena",4.9,(1000+)
"YOGA, DANCE",Sadie's Pole Gym,"3645 Inglewood Ave, #11, Redondo Beach",4.9,(1000+)
DANCE,Diaz Studio of Dance,"3816 Culver Center, Culver City",4.9,(1000+)
PILATES,Paris Pilates,"3110 W Sunset Boulevard, Los Angeles",4.7,(1000+)
DANCE,The BOD,"9306 Civic Center Dr, Beverly Hills",4.9,(1000+)
STRENGTH TRAINING,CATZ Pasadena,"801 S Raymond Ave, Pasadena",4.9,(1000+)
STRENGTH TRAINING,CrossFit Santa Monica,"2433 Main St, Santa Monica",4.8,(1000+)
YOGA,Stretch Pro,"8000 Sunset Boulevard B145, Los Angeles",4.8,(1000+)
YOGA,YogaWorks,"3460 W 7th St, Los Angeles",4.7,(1000+)
"YOGA, CYCLING",Beyond Bikram Marina Del Rey,"2903 Washington Blvd, Marina del Rey",4.7,(1000+)
YOGA,Yoga at the Raven,"2910 Rowena Ave, Los Angeles",4.9,(1000+)
YOGA,CorePower Yoga,"11819 Wilshire Blvd, #214, Los Angeles",4.8,(500+)
"STRENGTH TRAINING, BOXING",South Bay Fitness Focus,"1861 Lomita Blvd, Suite A, Lomita",5.0,(1000+)
PILATES,Hunt Pilates,"4526 Sherman Oaks Ave, Los Angeles",4.8,(1000+)
YOGA,Yoga Bliss,"6218 W Manchester Ave, Los Angeles",4.8,(1000+)
"PRENATAL, YOGA",Moms at OM,"12112 Washington Blvd, Los Angeles",4.9,(500+)
YOGA,Mystic Journey Yoga & Meditation,"1702 Lincoln Blvd, Los Angeles",4.8,(1000+)
PILATES,Lagree Underground,"7912 Santa Monica Boulevard, West Hollywood",4.9,(500+)
YOGA,YogaWorks,"12265 Ventura Blvd, #104, Los Angeles",4.7,(1000+)
BARRE,The Bar Method,"724 S Spring St, Los Angeles",4.9,(1000+)
PILATES,Sheppard Method Pilates,"2180 Westwood Blvd, Los Angeles",4.9,(1000+)
SAUNA,Breedlove Beauty Lab,"1728 Ocean Park Boulevard, Santa Monica",4.9,(500+)
PILATES,KP Pilates Plus,"245 Pine Ave, Suite 140, Long Beach",4.8,(1000+)
GYM TIME,Gold's Gym,"39 S Altadena Dr, Pasadena",4.7,(1000+)
PILATES,The Pilates Connection,"3989 S Centinela Ave, #202, Los Angeles",4.8,(1000+)
"YOGA, BOXING",Beastie,"2317 N Sepulveda Blvd, Manhattan Beach",4.8,(1000+)
BOXING,KEEN FITNESS,"2662 Honolulu Ave, Montrose",4.9,(1000+)
"STRENGTH TRAINING, BOXING",Sports Training Los Angeles,"4365 Pico Blvd, Suite B, Los Angeles",4.9,(1000+)
"CYCLING, STRENGTH TRAINING",Underground Fitness LA,"4454 Van Nuys Blvd , Suite 108 , Sherman Oaks",4.9,(1000+)
"AERIAL, STRENGTH TRAINING, …",AIR Aerial Fitness,"8474 W 3rd St, Suite 200, Los Angeles",4.8,(5000+)
YOGA,Greenheart Yoga,"2260 Huntington Dr, San Marino",4.8,(1000+)
CYCLING,RATIO CYCLING,"1306 N Wilton Pl, Los Angeles",4.8,(1000+)
STRENGTH TRAINING,Korefire Fitness,"330 N Brea Blvd, Ste D, Brea",4.9,(1000+)
"CYCLING, PILATES, …",RockIt Body Pilates,"1718 S. Catalina Ave., Redondo Beach",4.8,(500+)
YOGA,YogaWorks,"5531 Hollywood Blvd, Los Angeles",4.8,(1000+)
STRENGTH TRAINING,RETROFIT,"7624 Santa Monica Blvd, West Hollywood",4.8,(1000+)
"PILATES, STRENGTH TRAINING",Pop In Studios,"114 Washington Boulevard Suite A, Marina del Rey",4.8,(500+)
STRENGTH TRAINING,CrossFit Aviator,"6216 W Manchester Ave, Los Angeles",4.9,(1000+)
YOGA,Yoga House,"11 W State St, Pasadena",4.7,(1000+)
STRENGTH TRAINING,Jeffrey Adams Fitness Studio,"5823 W Pico Blvd, Los Angeles",4.9,(1000+)
STRENGTH TRAINING,Project Steel Fitness,"5770 W Pico Blvd, Los Angeles",4.9,(1000+)
"STRENGTH TRAINING, BARRE",Barreworks Studio,"129 Palos Verdes Blvd, Redondo Beach",4.9,(100+)
YOGA,YogaWorks,"277 W Green St, Pasadena",4.6,(1000+)
PILATES,Melrose Pilates,"7901 Melrose Ave, Los Angeles",4.9,(1000+)
BARRE,Cardio Barre,"1581 Colorado Blvd, Los Angeles",4.8,(100+)
MEDITATION,Shape House,"434 North Larchmont Boulevard, Los Angeles",4.8,(500+)
"DANCE, BARRE",Shine Studio,"730 S Pacific Coast Hwy, Redondo Beach",4.9,(1000+)
YOGA,Stretch Pro,"11740 San Vicente Boulevard, Los Angeles",4.7,(1000+)
PILATES,Pilate-ology,"13630 Ventura Blvd., Sherman Oaks",4.8,(500+)
POSTNATAL,Happy Baby,"353 Main Street, El Segundo",5.0,(100+)
YOGA,The Well Fitness Studio,"815 Manhattan Ave, Manhattan Beach",4.9,(1000+)
YOGA,Beach Cities Yoga,"936 Hermosa Ave, Hermosa Beach",4.8,(1000+)
BOXING,WOLA,"7944 West 3rd St, Los Angeles",4.9,(500+)
"YOGA, STRENGTH TRAINING",Thrive Health Lab,"3701 W 54th St, View Park-Windsor Hills",4.9,(1000+)
YOGA,La Maida Institute,"11159 La Maida St, Los Angeles",4.8,(500+)
YOGA,Still Yoga,"2395 Glendale Blvd, Los Angeles",4.8,(1000+)
YOGA,CorePower Yoga,"11740 San Vicente Boulevard, Suite 202, Los Angeles",4.8,(500+)
YOGA,YogaWorks,"18700 Ventura Blvd, Los Angeles",4.7,(1000+)
STRENGTH TRAINING,theLONDONmethod,"2236 East Broadway, Long Beach",4.9,(500+)
SAUNA,Origin Stretch & Spa,"1106 N. La Cienega Blvd #206, West Hollywood",4.9,(500+)
YOGA,YogaWorks,"1256 Westwood Blvd, Los Angeles",4.7,(1000+)
YOGA,Stretch Pro,"107 South Fair Oaks Avenue #108, Pasadena",4.8,(500+)
"PRENATAL, YOGA",Kundalini Yoga by the Sea,"605 Colorado Ave, Santa Monica",4.8,(1000+)
FACIAL,Century Advanced European Skin Care,"8950 West Olympic Blvd , Suite 205, Unit #1, Beverly Hills",4.9,(500+)
CRYOTHERAPY,Peak Performance Cryo and Gym,"13413 Ventura Blvd, Sherman Oaks",4.8,(1000+)
"MARTIAL ARTS, BOXING",Braxton’s Combat Sports and Fitness,"12923 Venice Blvd, Los Angeles",4.9,(1000+)
MASSAGE,Shape House,"12319 Ventura Blvd, Studio City",4.8,(500+)
MEDITATION,bodyshape,"7765 Beverly Blvd, Los Angeles",4.7,(1000+)
"AERIAL, DANCE",Fembody Fitness,"14340 Bolsa Chica Rd, Huntington Beach",4.8,(500+)
"YOGA, BARRE",Move Barre + Yoga (formerly Xtend Barre),"2535 E Washington Blvd, Pasadena",4.8,(1000+)
PILATES,Love Your Core Pilates & More,"24239 Hawthorne Blvd, Torrance",4.7,(1000+)
PILATES,Whole Body Method,"5700 W Pico Blvd, Los Angeles",4.8,(1000+)
"YOGA, STRENGTH TRAINING, …",The Fit Factor Studio,"38 W Main St, Alhambra",4.7,(1000+)
CYCLING,Pedal Spin Studio,"1111 Foothill Blvd, La Cañada Flintridge",4.7,(1000+)
MARTIAL ARTS,Fight Academy Pasadena,"36 W Colorado Blvd, B1, Pasadena",4.9,(1000+)
"MEDITATION, YOGA",The Yogi Tree,"4475 Vineland Ave, Ste 31, Los Angeles",4.8,(1000+)
"AERIAL, DANCE",The Vertitude,"8511 Canoga Ave, Unit D, Los Angeles",4.9,(1000+)
CRYOTHERAPY,CryoSoul,"300 Westminster Avenue, Los Angeles",4.8,(1000+)
"STRENGTH TRAINING, RUNNING, …",Sabertooth Fitness,"134 Ocean Front Walk, Santa Monica",4.9,(500+)
SPORTS RECOVERY,The Hydration Room,"1007 Montana Avenue, Santa Monica",4.8,(100+)
DANCE,The BEAT Fitness,"4348 Woodman Ave, Los Angeles",4.8,(500+)
STRENGTH TRAINING,Soul Pump Fitness,"1908 Westwood Boulevard, Los Angeles",4.9,(500+)
"STRENGTH TRAINING, BOXING",Keith Cooke Studio,"141 S Barrington Pl, Los Angeles",4.9,(1000+)
YOGA,Siesta Yoga,"1825 N Western Ave, Los Angeles",4.9,(1000+)
STRENGTH TRAINING,Soul Fitness LA,"1209 S Pacific Coast Hwy, Redondo Beach",4.8,(500+)
"PILATES, BARRE",Physical Artistry,"2258 31st St, Suite 204, Santa Monica",4.9,(1000+)
"AERIAL, BARRE",Fembody Fitness,"3301 E Hill St, Signal Hill",4.8,(500+)
PILATES,Pilates Plus Porter Ranch,"19723 Rinaldi St, Los Angeles",4.8,(1000+)
STRENGTH TRAINING,VolleyCamp Hermosa,"230 The Strand, Hermosa Beach",4.9,(100+)
BARRE,The Bar Method,"429 Silver Spur Rd, Suite 2E, Rolling Hills Estates",4.8,(1000+)
BARRE,The Bar Method,"1221 Hermosa Ave, Ste. 200, Hermosa Beach",4.8,(1000+)
YOGA,Yoganette Yoga Studio,"2360 S. Azusa Ave. Suite #C, West Covina",4.9,(500+)
MEDITATION,Shape House,"653 North Robertson Boulevard, West Hollywood",4.8,(500+)
YOGA,WARRIOR&CO. A Yoga Studio,"21015 Oxnard Street, Woodland Hills",4.8,(100+)
"YOGA, STRENGTH TRAINING",Novo Yoga,"1820 South Pacific Coast Highway, Redondo Beach",4.8,(100+)
BARRE,Tone Barre,"790 N Brea Blvd, Brea",4.8,(500+)
CYCLING,Cyclehaus,"3300 E Broadway, Long Beach",4.8,(1000+)
YOGA,The Yoga Harbor,"1616 Gramercy Ave, Torrance",4.8,(500+)
"PILATES, BARRE",SM Stretching,"111 North La Cienega Boulevard Suite B, Beverly Hills",4.9,(100+)
"MEDITATION, YOGA, …",Naam Yoga,"1231 4th St, Santa Monica",4.7,(1000+)
AERIAL,The Studio Los Angeles,"16917 Ventura Boulevard, Los Angeles",4.9,(100+)
STRENGTH TRAINING,PRO-FIT 3,"17623 Ventura Boulevard, Encino",4.9,(100+)
STRENGTH TRAINING,PLATEFIT,"953 North Sycamore Avenue, Suite 100, Los Angeles",4.8,(100+)
YOGA,Santa Monica Yoga,"1640 Ocean Park Blvd, Santa Monica",4.7,(1000+)
PILATES,Pilates X,"5555 E Stearns St, Long Beach",4.7,(1000+)
CRYOTHERAPY,Tonic Wellness Boutique,"8317 Beverly Blvd, Los Angeles",4.9,(1000+)
"CRYOTHERAPY, YOGA, …",Beach Life Fitness Boutique,"312 South Catalina Avenue, Suite E, Redondo Beach",4.8,(100+)
YOGA,The Green Yogi,"3504 Highland Avenue, Manhattan Beach",4.8,(100+)
PILATES,Whole Body Method,"3300 W 6th St, Los Angeles",4.8,(1000+)
BOXING,Churchill Boxing Club,"1630 21st Street, Santa Monica",4.9,(100+)
BARRE,Pure Barre,"231 S La Cienega Blvd, Beverly Hills",4.8,(1000+)
STRENGTH TRAINING,Plyo Fitness,"815 N La Brea Ave, Los Angeles",4.8,(500+)
ROWING,Pro SUP Shop,"4175 ADMIRALTY WY, MARINA DEL REY",5.0,(100+)
"AERIAL, YOGA",Art Flying Aerial,"2244 Pacific Coast Hwy, Lomita",4.8,(1000+)
GYM TIME,USA Fitness,"7500 Lankershim Blvd, Los Angeles",4.6,(1000+)
PILATES,Turning Point Pilates,"910 Garfield Ave, Los Angeles",4.8,(1000+)
YOGA,One Life Yoga,"1359 N Hill Ave, Pasadena",4.7,(500+)
STRENGTH TRAINING,34 Degrees North,"2723 Lincoln Blvd, Santa Monica",4.9,(1000+)
"YOGA, PILATES",Mission Street Yoga and Pilates,"1017 Mission St, South Pasadena",4.6,(1000+)
"YOGA, DANCE",Be Crystal Clear,"719 Broadway, Santa Monica",4.8,(500+)
BOXING,All About Kickboxing,"6745 Denny Ave, Los Angeles",4.9,(1000+)
STRENGTH TRAINING,BeneFIT Body,"19720 Ventura Blvd, Suite 101, Los Angeles",4.9,(500+)
"STRENGTH TRAINING, BOXING",Arena Fitness,"9643 Reseda Blvd, Los Angeles",4.9,(100+)
YOGA,Namastday Yoga,"113 N San Vicente Blvd, Second Floor, Beverly Hills",4.8,(1000+)
MEDITATION,Shape House,"1003 Broadway, Santa Monica",4.8,(500+)
STRENGTH TRAINING,FitLife Nutrition,"3268 Motor Avenue, Los Angeles",4.9,(100+)
"AERIAL, YOGA",Up Flying Yoga,"11101 Ventura Blvd, Los Angeles",4.8,(1000+)
"AERIAL, BARRE",Fembody Fitness,"14565 Valley View Avenue Unit L, Santa Fe Springs",4.8,(100+)
MARTIAL ARTS,Krav Maga Unyted,"334 S Main St, #1106A , Los Angeles",4.9,(1000+)
PILATES,Archer Pilates & Wellness,"6504 Arizona Ave, Los Angeles",4.8,(1000+)
"STRENGTH TRAINING, BOXING",Arena Fitness,"17200 Ventura Blvd, Los Angeles",4.9,(100+)
STRENGTH TRAINING,Nerdstrong Gym,"13131 Sherman Way #109, North Hollywood",4.9,(100+)
STRENGTH TRAINING,No Excuses Fitness,"2700 E Foothill Blvd, #106, Pasadena",4.9,(1000+)
PILATES,Pilates Punx,"2506 Sunset Boulevard, Los Angeles",4.8,(100+)
FACIAL,MudbuM Facial Bar (WeHo),"8127 W 3rd St, Los Angeles",4.7,(1000+)
PILATES,Rebound Pilates by Talin,"7900 Balboa Blvd, Delta 1, Los Angeles",4.9,(100+)
STRENGTH TRAINING,The Camp Transformation Center,"21028 Victory Blvd., Unit B, Woodland Hills",5.0,(100+)
MEDITATION,Shape House,"1169 South Fair Oaks Avenue, Pasadena",4.8,(500+)
YOGA,Yoga Circle Downtown,"400 S Main St, Los Angeles",4.8,(500+)
GYM TIME,Gold's Gym,"345 Pine Ave, Long Beach",4.7,(1000+)
YOGA,Yoga Bliss,"206 West Grand Avenue, El Segundo",4.9,(100+)
STRENGTH TRAINING,Artistic Athletics,"2102 Colorado Blvd, Los Angeles",4.9,(500+)
STRENGTH TRAINING,Gainz AF,"8733 W 3rd St, Los Angeles",4.9,(500+)
CYCLING,Blazing Saddles Indoor Cycling,"13535 Ventura Blvd, Unit D, Los Angeles",4.7,(1000+)
STRENGTH TRAINING,DON-A-MATRIX TRAINING,"7704 Melrose Ave, Los Angeles",4.9,(500+)
YOGA,Art of Living Studio,"2636 S Hoover St, Los Angeles",4.7,(500+)
STRENGTH TRAINING,No Limits Sports and Fitness Academy,"3222 Industry Dr, Signal Hill",4.9,(100+)
YOGA,Wellborn Lifestyles,"13721 Ventura Boulevard, Sherman Oaks",4.9,(100+)
STRENGTH TRAINING,Sandbox Fitness,"13557 Ventura Blvd, Los Angeles",4.8,(1000+)
BARRE,FIT4MOM,"13196 Bluff Creek Dr, Los Angeles",4.9,(100+)
"YOGA, PILATES",Silverlake Yoga,"2810 Glendale Blvd, Los Angeles",4.8,(1000+)
STRENGTH TRAINING,CrossFit Mindset,"1870 N Vermont Ave, Los Angeles",4.8,(500+)
YOGA,The Yoga Mat,"209 W Center Street Promenade, Anaheim",4.8,(500+)
"STRENGTH TRAINING, BOXING",LAKO Boxing Club & Training Studio,"4419 Eagle Rock Blvd, Los Angeles",4.8,(500+)
STRENGTH TRAINING,AAY! Fitness & Nutrition,"3000 Dolores St, Los Angeles",4.9,(500+)
DANCE,Boogiezone Utopia,"1951 W Carson St, Torrance",4.8,(500+)
DANCE,The Choreography House,"13131 Sherman Way, Unit 205, Los Angeles",4.9,(500+)
YOGA,Zooga Yoga,"11054 Washington Blvd, Culver City",4.8,(500+)
"STRENGTH TRAINING, BOXING",Basement Fitness and Personal Training,"1260 S Corning St, Suite 100, Los Angeles",4.9,(100+)
PILATES,Pilates Studio City,"11650 Riverside Dr, Suites 1 & 2, Los Angeles",4.7,(500+)
YOGA,Power Yoga East,"522 Santa Monica Blvd, Santa Monica",4.9,(1000+)
STRENGTH TRAINING,Gate 14,"133 Center St, El Segundo",5.0,(100+)
CRYOTHERAPY,Peak Performance Cryo and Gym,"13413 Ventura Blvd, Los Angeles",4.8,(100+)
"MARTIAL ARTS, BOXING",Foxy and Fierce,"7129 1/2 Sunset Blvd, 2nd Floor, Los Angeles",4.8,(1000+)
"AERIAL, YOGA",Aerial Physique,"4700 W Jefferson Blvd, Suite 107, Los Angeles",4.9,(1000+)
YOGA,Bhakti Yoga Shala,"207 Arizona Avenue, Santa Monica",4.8,(100+)
YOGA,Prema Yoga,"17617 Chatsworth St, Los Angeles",4.7,(500+)
YOGA,Yoga Jaya,"224 East Orange Grove Avenue, Burbank",4.9,(100+)
STRENGTH TRAINING,The Camp Transformation Center,"6093 Pico Boulevard, Los Angeles",4.9,(100+)
STRENGTH TRAINING,Elevate,"2176 E Colorado Blvd, Pasadena",4.8,(500+)
DANCE,Liberate Hollywood,"6365 Selma Ave, Los Angeles",4.8,(100+)
"AERIAL, YOGA",D&A Flying Yoga,"3275 Wilshire Blvd Ste 205, Los Angeles",4.8,(100+)
BOXING,9Round Fitness,"1044 West Covina Pkwy, West Covina",4.9,(100+)
STRENGTH TRAINING,G-Train Fitness Center,"5142 Laurel Canyon Blvd, Los Angeles",4.9,(500+)
YOGA,Zen Yoga West Hollywood,"8515 Santa Monica Boulevard, West Hollywood",4.7,(100+)
DANCE,En Pointe Dance and Fitness,"713 Termino Ave, Long Beach",4.9,(500+)
STRENGTH TRAINING,P.volve - Los Angeles,"608 Westmount Drive, West Hollywood",4.9,(100+)
RUNNING,Studio Metamorphosis,"2104 Colorado Blvd, Los Angeles",4.8,(100+)
PILATES,Club Pilates,"18741 Ventura Blvd, Tarzana",4.8,(100+)
BARRE,Barre Hour,"127 East Olive Avenue, Monrovia",4.9,(100+)
STRENGTH TRAINING,CrossFit South Bay,"725 5th St, Hermosa Beach",4.9,(500+)
"MASSAGE, ACUPUNCTURE",City Acupuncture of Silver Lake,"2945 Rowena Avenue, Los Angeles",4.8,(500+)
YOGA,LYFE Yoga Center,"1310 Pacific Coast Hwy, Hermosa Beach",4.8,(500+)
STRENGTH TRAINING,CrossFit Hollywood,"310 S La Brea Ave, Unit C, Los Angeles",4.9,(500+)
STRENGTH TRAINING,AR Fitness Factory,"6319 Colfax Avenue, Los Angeles",5.0,(100+)
STRENGTH TRAINING,Core Motion Shadow Hills,"9683 Sunland Blvd, Los Angeles",4.9,(100+)
PILATES,The Pilates Bodyshop,"2732 Griffith Park Blvd, Los Angeles",4.8,(500+)
"MEDITATION, YOGA",The Wellness of OZ,"2300 W Victory Blvd, Burbank",4.8,(100+)
STRENGTH TRAINING,Boot Camp LA,"5801 Wilshire Blvd, Los Angeles",4.9,(500+)
STRENGTH TRAINING,Royal Personal Training,"822 S. Robertson Blvd. Suite 101, Los Angeles",4.8,(100+)
STRENGTH TRAINING,The Nomad Gym,"4127 Cahuenga Boulevard, Los Angeles",4.9,(100+)
STRENGTH TRAINING,Amp Fitness Personal Training,"2101 Artesia Blvd, Redondo Beach",4.7,(500+)
SPORTS,Tennis Pro Zone,"4141 Whitsett Ave, Studio City",4.9,(100+)
GYM TIME,LA Fitness,"12545 Imperial Highway, Norwalk",4.9,(100+)
PILATES,Pilates by Azalea,"4727 Artesia Blvd, # 103, Lawndale",4.8,(500+)
DANCE,Anaheim Ballet,"280 E Lincoln Ave, Anaheim",4.9,(100+)
"YOGA, GYM TIME",Thrill Athletics,"200 N Sepulveda Blvd, El Segundo",4.7,(500+)
STRENGTH TRAINING,The Strength Movement,"5241 Lincoln Ave B4/5, Cypress",4.9,(100+)
BOXING,Power Kickboxing,"24040 Vista Montana, Torrance",4.9,(100+)
DANCE,JJ Dancer,"8558 W 3rd St, Los Angeles",4.9,(1000+)
STRENGTH TRAINING,ARC Fitness,"539 N GLENOAKS BLVD SUITE 105, Burbank",4.9,(100+)
STRENGTH TRAINING,VERT Fitness,"3011 Wilshire Blvd, Santa Monica",4.8,(1000+)
DANCE,Tap-A-Holic,"10816 Burbank Blvd, Evolution Studios, 10816 Burbank Blvd North Hollywood., Los Angeles",4.9,(100+)
YOGA,Vibes LA,"529 E Valley Blvd, #258C, San Gabriel",4.6,(100+)
"MEDITATION, YOGA",The Wild Plum,"1031 North Maclay Avenue, San Fernando",4.7,(100+)
STRENGTH TRAINING,VITA CORS,"2176 East Colorado Boulevard, Pasadena",5.0,(100+)
PILATES,Pilates by LAF,"11932 Valley View St, Garden Grove",4.7,(100+)
YOGA,Downey Yoga,"8036 3rd St #104, Downey",4.9,(100+)
DANCE,Dance Studio No. 1,"12121 West Pico Boulevard, Suite 2c, Los Angeles",4.9,(500+)
YOGA,CorePower Yoga,"965 Foothill Boulevard Suite B, La Cañada Flintridge",4.7,(100+)
PILATES,Sports & Spine Rehabilitation Center,"12626 Riverside Dr, #301, Los Angeles",4.9,(100+)
PILATES,Sandpiper Pilates,"522 Wilshire Blvd, Suite D, Santa Monica",4.9,(1000+)
MASSAGE,Vitru,"6610 Lexington Avenue, Los Angeles",4.9,(100+)
YOGA,Fine Yoga,"3580 Santa Anita Ave, Suite C, El Monte",4.8,(100+)
BEAUTY,Pause Float Studio,"13353 west washington boulevard, los angeles",4.8,(100+)
"STRENGTH TRAINING, BOXING",Fit By PIK,"5142 Laurel Canyon Blvd, Valley Village",4.9,(100+)
"MEDITATION, YOGA",Mockingbird Yoga,"4777 Eagle Rock Blvd, Los Angeles",4.7,(500+)
STRENGTH TRAINING,LSL Fitness,"3306 Industry Dr, Signal Hill",4.9,(100+)
STRENGTH TRAINING,Freestyle Fitness,"Mission Street Yoga, 1017 Mission St, South Pasadena",4.9,(500+)
DANCE,GROOV3,"11828 Teale St, Culver City",4.9,(500+)
MASSAGE,El Leon Spa,"8217 Beverly Boulevard, Los Angeles",4.8,(100+)
MASSAGE,R & R Infrared Sauna Studio,"1211 Montana Ave, Santa Monica",4.9,(100+)
YOGA,CorePower Yoga,"3131 S Hoover St, Los Angeles",4.8,(100+)
YOGA,Zooga Yoga West Hollywood,"8302 Melrose Ave, Los Angeles",4.8,(100+)
STRENGTH TRAINING,Function and Fitness LA,"2833 Honolulu Ave, Glendale",4.9,(100+)
"YOGA, GYM TIME",Vault Athletics,"14859 Bessemer St, Los Angeles",4.9,(100+)
BOXING,Alliance,"9000 Washington Blvd, Culver City",4.8,(500+)
STRENGTH TRAINING,Mind Muscle Fitness,"650 N La Peer Dr, West Hollywood",4.9,(1000+)
DANCE,Beastin Beauties Fit Studio,"10113 Valley Blvd, El Monte",4.7,(100+)
STRENGTH TRAINING,The Chad Allen Method,"8440 Santa Monica Blvd, West Hollywood",4.9,(1000+)
YOGA,CorePower Yoga,"24329 Crenshaw Blvd, Torrance",4.8,(100+)
"MARTIAL ARTS, STRENGTH TRAINING, …",Long Beach United Boxing Club,"1936 E 4th St, Long Beach",4.8,(100+)
"MARTIAL ARTS, STRENGTH TRAINING, …",Brennan Combat Sports,"1332 Hermosa Ave Hermosa Beach, CA 90254, #9, Hermosa Beach",5.0,(100+)
STRENGTH TRAINING,The Camp Transformation Center,"3303 Sunset Boulevard, Los Angeles",4.4,(100+)
STRENGTH TRAINING,Sender One Climbing,"11220 Hindry Ave, Los Angeles",4.9,(100+)
PILATES,Wild Heart Pilates,"12080 Ventura Pl, Los Angeles",4.9,(500+)
DANCE,Dance Conservatory of Pasadena,"66 Waverly Drive, Pasadena",4.8,(100+)
PILATES,Sumbody,"1831 Wilshire Blvd, Santa Monica",4.7,(1000+)
SAUNA,The Tan Spa,"2236 S Figueroa St, Los Angeles",4.5,(500+)
GYM TIME,Anytime Fitness Tarzana,"19235 Ventura Blvd, Tarzana",4.8,(100+)
"YOGA, BARRE",One Body Studios,"2424 W Whittier Blvd, La Habra",4.6,(100+)
DANCE,Sheila Kelley S Factor,"5225 Wilshire Blvd, Suite B, Los Angeles",4.8,(100+)
STRENGTH TRAINING,Boot Camp H2O,"Westside JCC, 5870 W Olympic Blvd, Los Angeles",4.9,(100+)
CYCLING,Voltage Indoor Cycling,"20517 Devonshire St, Los Angeles",4.9,(100+)
BEAUTY,Glam+Go,"101 Wilshire Blvd, Santa Monica, CA 90401, Santa Monica",4.8,(500+)
"YOGA, BOXING",Attitude Fitness,"900 Wilshire , 7th floor, Los Angeles",4.6,(100+)
BOXING,Lobos Boxing Club,"7162 Melrose Avenue, Los Angeles",4.9,(100+)
BEAUTY,Glam+Go,"11729 Barrington Ct, Los Angeles",4.6,(100+)
"YOGA, DANCE",The Aerial Classroom,"15840 Monte St, Los Angeles",4.9,(500+)
DANCE,SoHo Dance LA,"14261 Ventura Boulevard, Los Angeles",4.7,(100+)
YOGA,Sanctum,"2121 Lincoln Boulevard, Los Angeles",5.0,(81)
YOGA,FreeSpirit Yoga,"3910 Atlantic Ave , Long Beach",4.8,(100+)
PILATES,The Pilates Body,"1460 Grandview Ave, Glendale",4.9,(100+)
YOGA,Victory Performance And Physical Therapy,"11461 WEST WASHINGTON BOULEVARD, Los Angeles",4.9,(100+)
"YOGA, STRENGTH TRAINING",The Los Al Gym,"10682 Los Alamitos Blvd, Los Alamitos",4.9,(100+)
YOGA,Yoga Remedy's Essential Wellness,"23428 Normandie Ave, West Carson",4.8,(100+)
"CYCLING, DANCE",Made in LA,"1710 N McCadden Pl, Los Angeles",4.7,(500+)
MASSAGE,The Mist Spa,"11935 Santa Monica Blvd, Los Angeles",4.5,(100+)
"STRENGTH TRAINING, BOXING",Prestige Fitness,"1515 W Whittier Blvd, La Habra",4.9,(94)
"CRYOTHERAPY, SAUNA",Beach Cities Cryo,"3631 Pacific Coast HWY, Torrance",4.8,(100+)
YOGA,Bikram Yoga Fullerton,"1531 S Harbor Blvd, Fullerton",4.7,(500+)
DANCE,305 Fitness,"The Bod, 9306 Civic Center Drive, Beverly Hills",4.8,(100+)
"MASSAGE, FACIAL, …",Powder Beauty Co.,"452 South La Brea Avenue, Los Angeles",4.8,(100+)
STRENGTH TRAINING,Valley CrossFit,"6930 Hayvenhurst Ave., Van Nuys",4.9,(100+)
STRENGTH TRAINING,Open Gym l Home of CrossFit Órale,"106A West Burbank Boulevard, Burbank",5.0,(100+)
"MEDITATION, YOGA",Go Inward,"5280 E 2nd St., Long Beach",4.9,(85)
BEAUTY,The Spa On Rodeo,"421 North Rodeo Drive Garden Level , Beverly Hills",4.6,(100+)
STRENGTH TRAINING,Nela Athletics,"4662 N Eagle Rock Blvd, Los Angeles",4.9,(100+)
STRENGTH TRAINING,B Fearless Fitness,"4 Hurricane St, Marina del Rey",4.9,(100+)
YOGA,Liberation Yoga,"1288 S. La Brea Ave, Los Angeles",4.7,(100+)
SAUNA,Stretch Pro,"408 West 11th Street, Los Angeles",4.8,(100+)
STRENGTH TRAINING,Venatõr Athletics,"921 Van Ness Ave, Torrance",4.8,(100+)
GYM TIME,PRO GYM LA,"11943 Montana Ave, Ste 100, Los Angeles",4.7,(83)
STRENGTH TRAINING,CrossFit Reality,"2445 N Palm Dr #105, Signal Hill",5.0,(76)
DANCE,BeSpun,"3009 Lincoln Boulevard 3009 Lincoln BL, Santa Monica",4.8,(93)
YOGA,GGIW Yoga,"24610 Narbonne Ave, Lomita",4.9,(100+)
DANCE,3rd Street Dance,"8558 W 3rd St, Los Angeles",4.8,(100+)
STRENGTH TRAINING,BootyPopFitness,"10852 Burbank Blvd, Los Angeles",4.9,(100+)
BOXING,Villatoro Bushido Martial Arts,"214 N Citrus Ave, Covina",5.0,(100+)
STRENGTH TRAINING,Trojan CrossFit,"431 S Hewitt St, Los Angeles",4.8,(500+)
"YOGA, CYCLING",CardioBody Fitness,"5207 Tilden Ave, Los Angeles",4.7,(100+)
STRENGTH TRAINING,RPM Fitness Studio,"4444 Lankershim Blvd, Suite 210, Los Angeles",4.5,(500+)
STRENGTH TRAINING,Sirens and Titans Fitness,"2242 South Sepulveda Blvd, Los Angeles",4.9,(500+)
STRENGTH TRAINING,Reebok CrossFit LAB,"8466 Melrose Ave, West Hollywood",4.9,(500+)
STRENGTH TRAINING,Interval by Roy Abergel,"18455 Burbank Blvd, #100, Tarzana",4.8,(100+)
"PILATES, STRENGTH TRAINING",X-tend Pilates,"20521 Devonshire St, Los Angeles",4.6,(100+)
MASSAGE,Spa de LA,"820 South La Brea Ave, Los Angeles",4.9,(100+)
"YOGA, PILATES, …",Allomi,"1612 South Catalina Avenue, Redondo Beach",5.0,(51)
DANCE,Red Releve,"IDA Hollywood, 1532 North Highland Ave., Los Angeles",4.9,(64)
BEAUTY,Glam+Go,"6417 Selma Avenue, Hollywood",4.8,(100+)
STRENGTH TRAINING,Erin's Fitness Club,"150 Cypress Ave, Suite E, Burbank",4.9,(100+)
STRENGTH TRAINING,CrossFit Firestone,"250 N Orange Ave, Brea",4.7,(100+)
DANCE,Santa Monica Hip Hop Dance,"709 Lincoln Blvd, Los Angeles",4.7,(100+)
CYCLING,Aqua Cycling Corp,"14708 Hawthorne Boulevard, Lawndale",4.7,(100+)
DANCE,Hama's Dance Center,"12117 Moorpark St, Studio City",5.0,(70)
YOGA,Bikram SouthPas,"526 Mission Street, South Pasadena",4.7,(100+)
"MEDITATION, YOGA",Bindupoint,"17547 Ventura Boulevard Unit 106, Encino",4.8,(100+)
DANCE,Old School Skinny,"The Beat Box Studio L.A, 11828 Teale St., Los Angeles",4.9,(100+)
STRENGTH TRAINING,Spry Society Academy of Fitness,"5631 Mesmer Ave, Culver City",4.8,(100+)
STRENGTH TRAINING,SUDA Fit,"8847 Imperial Hwy, Suite L, Downey",4.8,(74)
FACIAL,Face Haus,"820 S Sepulveda Boulevard, Suite 108, El Segundo",4.8,(100+)
YOGA,Beach Yoga SoCal,"2600 Ocean Front Walk, Santa Monica",4.8,(500+)
PILATES,Personal Pilates,"3320 W Burbank Blvd, Burbank",4.8,(500+)
"MASSAGE, FACIAL, …",DESUAR Spa,"220 West 5th Street, Los Angeles",4.6,(100+)
MASSAGE,Massage By Mohammad,"348 N Beverly Dr, Beverly Hills",4.9,(100+)
YOGA,Intro to Acro Yoga,"Capoeira Besouro Studio, 709 Lincoln Blvd, Los Angeles",4.9,(100+)
"STRENGTH TRAINING, BOXING",KS Fitness,"2128 E Orangethorpe Ave, Fullerton",4.8,(100+)
DANCE,Beginning Ballroom,"Center Stage Dance, 12518 Riverside Dr, Los Angeles",5.0,(78)
STRENGTH TRAINING,Sierra Fitness,"20 N Baldwin Ave, Sierra Madre",4.6,(100+)
"YOGA, PILATES",H2yOga,"5870 W Olympic Blvd, Los Angeles",4.8,(100+)
STRENGTH TRAINING,Body One Fitness,"201 Herondo St, Suite 100, Redondo Beach",4.9,(100+)
YOGA,Santa Monica Power Yoga,"1410 2nd St, Santa Monica",4.8,(100+)
STRENGTH TRAINING,DEUCE Backlot,"7773 Beverly Boulevard, Los Angeles",4.8,(65)
GYM TIME,LA Fitness,"11932 Valley View St, Garden Grove",4.7,(72)
MASSAGE,Body Nourishment Wellness Spa,"151 South Doheny Drive Suite 8, Beverly Hills",4.8,(100+)
STRENGTH TRAINING,Ritual | The 30-Minute Gym,"315 Wilshire Blvd, Santa Monica",4.9,(81)
"YOGA, DANCE",Crenshaw Yoga & Dance,"5426 Crenshaw Blvd, Los Angeles",4.9,(100+)
STRENGTH TRAINING,Trampoline TRIM,"5915 Kester Ave, Sherman Oaks",4.9,(74)
BOXING,SCTC Taekwondo & Kickboxing,"4454 Van Nuys Blvd, Los Angeles",5.0,(86)
STRENGTH TRAINING,Blue Republic Crossfit,"3328 Pico Blvd, Santa Monica",4.8,(100+)
YOGA,Cocoon Santa Monica,"1030C Montana Avenue, Santa Monica",4.7,(94)
MASSAGE,BAO Foot Spa,"1225 Wilshire Blvd, Santa Monica",4.7,(100+)
PILATES,In & Up Pilates,"3191 Casitas Ave, Los Angeles",4.8,(500+)
FACIAL,Charles McKnight Spa,"372 South Maple Drive, Beverly Hills",5.0,(100+)
BEAUTY,Blo & Fil,"1731 Westwood Blvd, Los Angeles",4.8,(100+)
BOXING,Free Spirit Boxing & Fitness LLC,"5990 W Pico Blvd, Los Angeles",4.6,(100+)
DANCE,Cardio Hip Hop,"SWERVE Studio, 8250 W 3rd St #205, Los Angeles",4.9,(100+)
"STRENGTH TRAINING, BOXING",Evolution Fitness,"201 N Robertson Blvd, Suite 101, Beverly Hills",4.8,(100+)
FACIAL,SKIN CAMP,"8240 Beverly Blvd. , Los Angeles",4.8,(100+)
STRENGTH TRAINING,Beach Cities Training,"1312 Aviation Blvd, Redondo Beach",4.8,(100+)
CYCLING,Tough Cookie Training,"1518 West Magnolia Boulevard, Burbank",5.0,(63)
MARTIAL ARTS,Fight Science MMA,"4713 W Washington Blvd, Los Angeles",4.8,(100+)
"MASSAGE, FACIAL, …",Sila SPA,"3535 Torrance Boulevard, Suite 4, Torrance",4.9,(56)
PILATES,Pilates South Bay,"1300 Pacific Coast Hwy, 105 Downstairs, Redondo Beach",4.6,(100+)
MARTIAL ARTS,Sword Play LA,"416 S Victory Blvd, Burbank",4.8,(83)
YOGA,Space Fitness Bar,"18750 Colima Road, Rowland Heights",4.5,(87)
STRENGTH TRAINING,Burn N Shed,"14801 Ventura Blvd, Sherman Oaks",4.7,(100+)
"PRENATAL, YOGA",Ma Yoga,"10764 Washington Blvd, Culver City",4.8,(70)
STRENGTH TRAINING,Triple S Workouts,"Center Stage Dance, 12518 Riverside Dr, Los Angeles",4.9,(64)
BEAUTY,Ole Henriksen Face/Body Spa,"8622 Sunset Boulevard Suite A, West Hollywood",4.7,(100+)
PILATES,PilatesAngel,"200 Pier Ave, Suite 140, Hermosa Beach",4.9,(500+)
YOGA,Peace Yoga Gallery,"903 S Main St, Los Angeles",4.5,(100+)
STRENGTH TRAINING,QuickFit,"780 s arroyo parkway, suite 100 , Pasadena",4.8,(100+)
DANCE,On The Edge Dance Studio,"5563 Sepulveda Blvd, Suite D, Culver City",4.8,(100+)
DANCE,Dance & Fitness4life,"19641 Parthenia St. Ste 100, Northridge",4.8,(67)
YOGA,Good Vibez Wellness and Yoga,"4354 Tujunga Avenue, Los Angeles",4.8,(63)
STRENGTH TRAINING,Faster Fitness,"3030 N Brea Blvd, Fullerton",4.8,(64)
"DANCE, BARRE",Unleashed Women's Fitness Studio,"3100 E Willow St, Signal Hill",4.6,(100+)
STRENGTH TRAINING,LAX CrossFit,"11944 S La Cienega Blvd, Del Aire",4.9,(55)
"STRENGTH TRAINING, DANCE",Powerserge Fitness,"10587-B Pico Blvd, Los Angeles",4.9,(54)
"PILATES, BARRE",Fuse Movement,"4205 Montair Avenue, Long Beach",4.8,(100+)
YOGA,Fire Hot Yoga and Ice Cryotherapy,"700 West 1st Street, Los Angeles",4.7,(100+)
CRYOTHERAPY,Cryo Cafe,"16830 Ventura Blvd, Encino",4.8,(100+)
BEAUTY,Body Lash and Brow,"7505 Santa Monica Blvd, West Hollywood",5.0,(77)
"MARTIAL ARTS, STRENGTH TRAINING",Krav Maga Unyted,"772 East Walnut Street, Pasadena",4.9,(45)
"MARTIAL ARTS, STRENGTH TRAINING",King Harbor Fitness,"1008 N Catalina Ave, Radondo Beach",4.9,(42)
"GYM TIME, STRENGTH TRAINING",KilFit Athletics,"8438 Eastern Avenue, Bell Gardens",5.0,(57)
MARTIAL ARTS,Sparta Academy,"1941 Westwood Blvd, Los Angeles",4.8,(100+)
STRENGTH TRAINING,The Factory Training - Sherman Oaks,"5915 Kester Ave, Los Angeles",4.7,(100+)
CRYOTHERAPY,Cryohealthcare,"351 North La Cienega Boulevard, Los Angeles",4.7,(100+)
"YOGA, CYCLING, …",KLG Spa & Sports,"2933 West Pico Boulevard, Los Angeles",4.8,(64)
BARRE,The Barre Hub,"730 S Pacific Coast Hwy, Suite 105 , Redondo Beach",4.9,(100+)
"YOGA, DANCE",The Center Method,"2716 Wilshire Blvd, Santa Monica",4.9,(68)
SPORTS RECOVERY,BASE Training and Physical Therapy,"17207 Ventura Boulevard Suite 4, Los Angeles",4.9,(39)
"FACIAL, BEAUTY",EyeDazzle,"696 East Colorado Blvd.STE#8, Pasadena",4.9,(52)
DANCE,Pacific Arts Center and Dance Studio,"10469 Santa Monica Blvd, Los Angeles",4.5,(100+)
DANCE,Pro Dance LA,"744 North Fairfax Avenue, Los Angeles",4.8,(75)
YOGA,Back For Yoga,"255 Main St, El Segundo",4.5,(100+)
MARTIAL ARTS,Strong Sports Gym,"1318 North Spring Street Building B-1, Los Angeles",4.8,(98)
"YOGA, PILATES",Studio H Conditioning,"3732 E Pacific Coast Hwy, Long Beach",4.9,(38)
"MASSAGE, FACIAL",Cinema Wellness,"2528 Hyperion Avenue, Los Angeles",4.9,(73)
"MARTIAL ARTS, BOXING",Sityodtong Los Angeles,"260 Taylor Street, Monrovia",4.9,(40)
SPORTS RECOVERY,The Hydration Room,"977 East Colorado Boulevard, Pasadena",4.8,(62)
DANCE,SoHo Dance LA,"1618 Cotner Ave, Los Angeles",4.9,(76)
STRENGTH TRAINING,Ultimate Athlete Bootcamp,"4400 Vanowen Street, Burbank",4.8,(34)
DANCE,Elevation Studios,"1900 E 27th St, #101, Signal Hill",4.8,(100+)
MASSAGE,Pure Body by Suley,"1106 N La Cienega, Suite 206, West Hollywood",4.8,(56)
SAUNA,SaunaBar,"11677 San Vicente Blvd. Suite 208, Los Angeles",4.8,(100+)
DANCE,Kick It Up,"8125 E Wardlow Rd, & 8129, Long Beach",4.6,(100+)
YOGA,Hallowed Ground,"114 Washington Boulevard Suite B, Marina del Rey",4.8,(38)
DANCE,Fred Astaire Dance Studio Redondo Beach,"1650 S Pacific Coast Hwy, Redondo Beach",5.0,(32)
STRENGTH TRAINING,South Bay Trainer,"3865 Pacific Coast Hwy, Torrance",4.8,(24)
DANCE,Dance Street California,"780 S. Arroyo Pkwy, Pasadena",4.8,(41)
SPORTS RECOVERY,Sports Rehab LA,"16830 Ventura Blvd, suite 150, Encino",4.6,(100+)
AERIAL,SwingIt Trapeze,"900 N. Maple St. , Anaheim",4.9,(100+)
"CYCLING, STRENGTH TRAINING",Crank it Up,"8195 E Wardlow Rd, Long Beach",4.8,(100+)
CRYOTHERAPY,Cryohealthcare,"4256 Lincoln Boulevard, Marina del Rey",4.6,(100+)
STRENGTH TRAINING,RISE UP Training,"828 Pico Boulevard, #1, Santa Monica",4.9,(100+)
STRENGTH TRAINING,Climb 30,"325 North Altadena Drive, Pasadena",4.7,(76)
DANCE,BollyX Fitness,"57 Palmetto Drive, Pasadena",4.8,(40)
DANCE,BollyPop LLC,"2523 17th Street, Santa Monica",4.9,(33)
MEDITATION,Rooted Beings,"815 North Manhattan Avenue, Manhattan Beach",5.0,(44)
STRENGTH TRAINING,Premier Fitness,"8813 Imperial Hwy, Downey",5.0,(25)
STRENGTH TRAINING,Tru Fit Bootcamp,"7900 Balboa Blvd, Van Nuys",4.6,(93)
"STRENGTH TRAINING, DANCE",MERGE,"9230 W Olympic BLVD , Beverly Hills",4.6,(100+)
CYCLING,Winburn Studios,"2411 Main St, Santa Monica",5.0,(49)
"YOGA, CYCLING",Center for Health and Fitness,"514 N Prospect Ave, 2nd Floor, Redondo Beach",4.4,(100+)
MEDITATION,Divine Self Love,"714 Washington Boulevard, Marina del Rey",4.9,(100+)
"STRENGTH TRAINING, RUNNING",Hybrid House,"1900 East 27th Street Unit 104, Signal Hill",4.8,(34)
STRENGTH TRAINING,Marina Athletic Club,"4101 Admiralty Way, Marina del Rey",5.0,(66)
"FACIAL, BEAUTY",Tina K Skin,"13207 Ventura Blvd, Studio City",4.9,(49)
"PRENATAL, POSTNATAL",FIT4MOM South Bay LA,"1901 North Valley Drive, Manhattan Beach",4.8,(49)
"MARTIAL ARTS, BOXING",Sweet Science Boxing & MMA,"12905 Hawthorne Blvd, Hawthorne",4.7,(100+)
STRENGTH TRAINING,CrossFit Sandbox,"925 Wilshire Blvd, Santa Monica",4.8,(100+)
PILATES,Reforming Bodies Pilates,"15122 Ventura Blvd, Ste 101, Los Angeles",4.8,(500+)
MEDITATION,OsteoStrong,"12712 Washington Blvd, Los Angelas",4.6,(70)
CYCLING,Burn Cycling,"1218 North La Brea Avenue, Inglewood",4.9,(47)
STRENGTH TRAINING,Phase IV Scientific Health & Performance Center,"1544 20TH STREET, Santa Monica",4.9,(91)
STRENGTH TRAINING,Fit Body Boot Camp,"1100 E Orangethrope Ave Suite 125, Anaheim",4.7,(43)
DANCE,Dance Refuge,"1146 N Vermont, Los Angeles",4.5,(58)
FACIAL,Laturca Beauty & Skincare,"7600 Melrose Ave , Unit A , Los Angeles",4.9,(49)
AERIAL,Sky High Sports,"6033 De Soto, Woodland Hills",4.7,(59)
STRENGTH TRAINING,Point Target Fitness,"793 West Lambert Road, Brea",5.0,(54)
YOGA,Kule Yoga and Ayurveda,"1186 East Walnut Street, Pasadena",4.7,(52)
STRENGTH TRAINING,Team Fit Legacy,"7340 Firestone Boulevard 131, Downey",4.7,(31)
MARTIAL ARTS,F5 Strength and Muay Thai,"805 South La Brea Avenue, Los Angeles",4.9,(57)
"PILATES, STRENGTH TRAINING, …",Living Pilates,"2057 N Los Robles Ave, Pasadena",4.5,(100+)
GYM TIME,Triad Fitness,"360 N Citrus Ave, Azusa",4.7,(52)
STRENGTH TRAINING,Lift Off Strength: Crossfit Encino,"17027 Ventura Blvd, Encino",4.9,(19)
"YOGA, MARTIAL ARTS",Body & Brain Yoga·Tai-Chi,"250 N. Lake Ave. , #101, Pasadena",4.6,(82)
YOGA,Body & Brain Yoga·Tai Chi,"375 W Birch St, #21, Brea",4.8,(56)
"PRENATAL, YOGA",Ma Yoga,"8530 Wilshire Blvd , Suite 250, Bevery Hills",5.0,(50)
STRENGTH TRAINING,Relentless Fitness,"6757 East Carson Street, Lakewood",4.7,(25)
"YOGA, DANCE",Dance Alive,"1629 18th Street , #7, Santa Monica",4.8,(48)
ROWING,Roworx,"5750 Boathouse Ln, Long Beach",4.6,(100+)
STRENGTH TRAINING,Back To Total Health,"1106 North La Cienega Boulevard Suite 203, West Hollywood",5.0,(40)
YOGA,Sivananda Yoga Vedanta Center,"3741 West 27th Street, Los Angeles",4.7,(100+)
MARTIAL ARTS,Restore Fitness,"1990 Westwood Blvd, Los Angeles",4.7,(100+)
STRENGTH TRAINING,Phenom Athletics,"912 Chestnut St., Burbank",4.7,(47)
"STRENGTH TRAINING, DANCE",Silverlake Fencing,"Studio A, 2306 Hyperion Ave, Los Angeles",4.9,(100+)
"YOGA, PILATES, …",New Moon Movement,"3113 Beverly Boulevard, Los Angeles",4.9,(43)
SAUNA,Rejuvenate Wellness & Health Center,"6025 North Figueroa Street, Suite B, Los Angeles",4.7,(80)
MASSAGE,Bodywork by Tracy,"2807 2nd Street, Santa Monica",4.9,(54)
"MARTIAL ARTS, DANCE, …",Long Beach Fitness,"2684 Dawson Avenue, Signal Hill",4.8,(32)
"YOGA, GYM TIME, …",Valley Fitness Center,"7630 Vineland Avenue, Los Angeles",4.4,(53)
YOGA,HOMTOWN Yoga,"5921 Center Drive, Los Angeles",5.0,(29)
MARTIAL ARTS,North Valley Aikikai,"9029 Reseda Blvd, Suite 100, Los Angeles",4.8,(100+)
"MARTIAL ARTS, BOXING",At One Fitness,"11116 Weddington St, Los Angeles",4.5,(43)
MEDITATION,InsightLA Meditation,"4300 Melrose Avenue, Los Angeles",4.8,(100+)
"CYCLING, STRENGTH TRAINING",AQUASTANDUP,"5870 West Olympic Boulevard, Los Angeles",4.9,(65)
PILATES,Pilates Body Sculpting,"1322 Potrero Grande Drive, Rosemead",4.5,(100+)
GYM TIME,Triton Training Center,"1400 Aviation Blvd, Redondo Beach",4.5,(54)
YOGA,LiveYoga Wellness,"6700 West 83rd Street, Los Angeles",4.9,(38)
STRENGTH TRAINING,Pure Interval Training Fitness,"1528 Canada Blvd, #103, Glendale",4.9,(100+)
DANCE,Lumina Academy of Arts,"1052 N Allen Ave, Pasadena",4.5,(20)
MASSAGE,K-O Massage,"2904 Sunset Blvd. #4 , Los Angeles",4.7,(79)
MARTIAL ARTS,MTKG,"7405 Bellaire Ave., North Hollywood",4.5,(16)
YOGA,Dharma Yoga LA,"4870 West Adams Boulevard , Unit B, Los Angeles",4.7,(40)
STRENGTH TRAINING,GR8 Body Fitness,"15685 Hawthorne Blvd, Lawndale",4.7,(55)
DANCE,Dancify,"2212 Artesia Blvd, #101, Redondo Beach",4.7,(45)
MASSAGE,BAO Foot Spa,"156 S Beverly Dr, Beverly Hills",4.6,(71)
"GYM TIME, MARTIAL ARTS, …",Tarzana Boxing and Fitness,"19626 Ventura Blvd, Tarzana",5.0,(27)
MEDITATION,Peak Brain Institute,"11156 Washington Blvd, Culver City",4.7,(100+)
STRENGTH TRAINING,Crossfit 818,"10646 W Magnolia Blvd, North Hollywood",4.8,(23)
STRENGTH TRAINING,Depot Fitness,"1016 N Alvarado St., Los Angeles",4.7,(32)
STRENGTH TRAINING,The Cardio Grind,"18529 Burbank Blvd, Los Angeles",4.7,(88)
FACIAL,Face Haus,"3201 S. Hoover St, Los Angeles",4.8,(45)
FACIAL,Face Haus,"1426 Montana Ave #6, Santa Monica",4.9,(59)
STRENGTH TRAINING,Hangar 18: Indoor Climbing Gyms,"2599 E Willow St, Signal Hill",4.6,(100+)
MEDITATION,InsightLA Meditation,"1430 Olympic Blvd, Santa Monica",4.6,(85)
RUNNING,Tempest Freerunning Academy,"19821 Nordhoff Place Ste 115, Los Angeles",4.8,(37)
STRENGTH TRAINING,USA Fitness,"USA Fitness Mega Center 7869 Van Nuys Blvd, Panorama, Los Angeles",4.4,(78)
BEAUTY,Peridot Skincare + Eyelash,"2362 Westwood Boulevard, Los Angeles",5.0,(12)
STRENGTH TRAINING,Peak 5 Fitness,"4228 Melrose Ave, Los Angeles",4.5,(100+)
STRENGTH TRAINING,Fit Body Boot Camp,"450 South Glendora Avenue, West Covina",4.8,(26)
RUNNING,November Project,"340 Bruin Walk, Los Angeles",5.0,(28)
YOGA,Yoga Rock Studios,"3600 Ocean View Boulevard Suite 11, Glendale",4.7,(24)
MARTIAL ARTS,Legacy Glendale Brazilian Jiu Jitsu,"705 S Brand Blvd, Glendale",5.0,(32)
CYCLING,Studiofit,"9321 Whittier Boulevard, Pico Rivera",4.2,(21)
BOXING,UFC Gym,"1170 South Harbor Boulevard, Fullerton",4.9,(41)
STRENGTH TRAINING,Btone FITNESS Carson,"21780 South Avalon Boulevard Suite 105, Carson",5.0,(16)
CYCLING,Park East Fitness,"5236 E Los Altos Plaza, Long Beach",4.6,(100+)
BOXING,UFC Gym,"12827 Harbor Blvd., Garden Grove",4.3,(62)
YOGA,Hieroglyphics Yoga Studio,"3023 Lincoln Avenue, Altadena",4.8,(29)
BOXING,Kinetic Kickboxing,"2620 E Walnut St., Pasadena",4.9,(52)
YOGA,Brown Chiropractic Fitness-Wellness,"721 W Whittier Blvd, Suite C, La Habra",4.8,(26)
STRENGTH TRAINING,CrossFit Structured,"401 S. Richman Ave, Fullerton",4.9,(23)
RUNNING,November Project,"2800 E Observatory Rd , Los Angeles",5.0,(15)
BEAUTY,Blushington,"11677 San Vicente Boulevard, Suite 101, Los Angeles",4.7,(32)
GYM TIME,Metroflex Gym,"3200 E 59th St, Long Beach",4.4,(17)
RUNNING,Tempest Freerunning Academy,"3337 Jack Northrop Avenue, Hawthorne",4.9,(32)
DANCE,DanceWithPaisley,"2417 N Sepulveda, Manhattan Beach",4.5,(22)
STRENGTH TRAINING,HIIT by LAF,"12545 Imperial Highway, Norwalk",4.7,(32)
"YOGA, CYCLING, …",Winning Image Fitness,"12912 Paramount Blvd,, Downey",4.5,(20)
STRENGTH TRAINING,Hiit 11,"14416 Ventura Boulevard, Los Angeles",4.9,(29)
SAUNA,Infrared Sauna of Long Beach,"4103 North Viking Way Unit B, Long Beach",5.0,(15)
DANCE,Power Dance,"The Athletic Garage, 121 Waverly Dr, Pasadena",4.4,(38)
STRENGTH TRAINING,ATP Training,"1944 Huntington Dr, South Pasadena",4.6,(500+)
BEAUTY,The BrowGal,"7605 Melrose Ave, Los Angeles",4.9,(48)
MARTIAL ARTS,Beverly Hills Jiu Jitsu Club,"1080 S La Cienega Blvd, #106, Los Angeles",4.9,(88)
STRENGTH TRAINING,Code 3 Athletics Hawthorne,"3715 Rosecrans Ave, Hawthorne",5.0,(9)
MEDITATION,Face Haus,"12332 Ventura Blvd., Studio City",4.8,(37)
BOXING,Konbatto X Fitness,"167 N Raymond Ave, Fullerton",4.8,(92)
ACUPUNCTURE,KD Smith Acupuncture,"11110 Ohio Avenue Suite 105, Los Angeles",5.0,(15)
STRENGTH TRAINING,Velocity Boot Camp,"Studio A Dance, 2306 Hyperion Ave, Los Angeles",4.8,(100+)
MARTIAL ARTS,Yacoubian Muay Thai Academy,"20803 Dearborn Street, Suite B, Chatsworth",4.9,(35)
YOGA,Body & Brain Center,"1054 W Alameda Avenue, Burbank",4.9,(28)
STRENGTH TRAINING,Depot Fitness,"11329 Santa Monica Blvd, Los Angeles",4.7,(31)
MARTIAL ARTS,RA MA East,"1746 W Adams Blvd, Los Angeles",4.6,(100+)
BEAUTY,Hair by Dennis Latay,"2510 Main Street, Ste D, Santa Monica",5.0,(22)
PILATES,Poseidon Paddle and Surf,"1654 Ocean Ave, Santa Monica",4.9,(26)
STRENGTH TRAINING,Executive Fitness,"5708 E 2nd St, Long Beach",4.9,(84)
"MEDITATION, YOGA",Heal and Soul Yoga,"16545 Ventura Blvd, #25 Encino, Los Angeles",4.6,(100+)
"MASSAGE, ACUPUNCTURE",Blake Evolution,"4820 Lincoln Boulevard, Marina del Rey",4.7,(36)
STRENGTH TRAINING,Fitness Unlimited,"17048 Devonshire St, Los Angeles",4.6,(29)
STRENGTH TRAINING,PEAK Strength & Conditioning,"6921 Cerritos Ave., Stanton",5.0,(28)
MASSAGE,SKiN Body Lounge,"12755 Ventura Blvd, Studio City",4.6,(100+)
STRENGTH TRAINING,Feel Better Fitness,"22733 Hawthorne Blvd, Torrance",5.0,(29)
STRENGTH TRAINING,Bootcamp Connect,"Santa Monica Beach - Lifeguard Tower 26, 2600 Barnard Way , Santa Monica",4.7,(37)
"PILATES, BARRE",Body By Paolo,"17324 Ventura Blvd,, Encino",4.4,(20)
"MARTIAL ARTS, BOXING",Elite Pro Boxing,"12025 Florence Avenue, Santa Fe Springs",4.6,(14)
"GYM TIME, STRENGTH TRAINING",Raw Performance,"10579 Bloomfield Street, Los Alamitos",5.0,(14)
STRENGTH TRAINING,1A Fitness,"35 S 1st Ave, Arcadia",4.9,(36)
MARTIAL ARTS,Be Like Water Tai Chi,"2450 Broadway, Santa Monica",4.9,(11)
STRENGTH TRAINING,Long Beach Boot Camp,"5255 E Paoli Way, Long Beach",4.4,(19)
BOXING,DG Boxing,"745 Pine Ave, Long Beach",4.6,(53)
DANCE,Zumba Studio Anaheim,"924 S Magnolia Ave, Anaheim",4.6,(18)
PILATES,Whole Health Chiropractic,"2001 S Barrington Ave, #107, Los Angeles",4.9,(100+)
DANCE,Salsa HipHop Dance & Fitness,"1315 Fair Oaks Ave, South Pasadena",4.6,(23)
"YOGA, PILATES",Aspire Wellness Studio,"2303 West Whittier Boulevard, La Habra",4.8,(36)
PILATES,The Vitality Center,"2623 E Foothill Blvd, Suite 102, Pasadena",4.8,(85)
ACUPUNCTURE,Raah Acupuncture Inc.,"3407 West 6th Street, Los Angeles",5.0,(6)
MARTIAL ARTS,Master Toddy LA Training Center,"962 Euclid St, Anaheim",4.5,(32)
STRENGTH TRAINING,CrossFit Insurgent,"2229 East Garvey Avenue North, West Covina",4.7,(19)
"FACIAL, BEAUTY",BlumeSkinCo.,"210 Avenue I Suite F, Redondo Beach",5.0,(15)
MARTIAL ARTS,Lion Heart Jiu Jitsu Academy,"2176 E Colorado Blvd, Pasadena",5.0,(18)
PILATES,Zoë - A Pilates Studio,"22 S Oakland Ave, Pasadena",4.7,(100+)
DANCE,Orange County Salsa And Bachata,"5911 Westminster Blvd, Westminster",4.9,(18)
BOXING,Thai Boxing Institute,"11704 Venice Blvd., Mar Vista",5.0,(49)
MARTIAL ARTS,California Kung Fu Academy,"1205 North Main Street, Los Angeles",5.0,(16)
FACIAL,Chateau de Bambu,"6025 North Figueroa Street , Suite B-1, Los Angeles",5.0,(8)
BEAUTY,Blushington,"8591 Sunset Boulevard, West Hollywood",4.5,(29)
DANCE,Studio Maesto,"1547 6th St, Suite 100, Santa Monica",4.9,(37)
"YOGA, MARTIAL ARTS",North Hollywood Pa Kua Martial Arts and Health,"12045 Magnolia Blvd, Los Angeles",4.6,(40)
"YOGA, DANCE, …",Impact Dance x Wellness,"665 East Arrow Highway, Azusa",4.6,(19)
"CRYOTHERAPY, SAUNA",CryoRedondo at Beach Life Fitness Boutique,"310 South Catalina Avenue, Redondo Beach",4.6,(29)
DANCE,Old School Skinny,"10816 Burbank Blvd, North Hollywood",5.0,(14)
SPORTS RECOVERY,Drip Doctors,"11670 San Vicente Boulevard, Unit C, Los Angeles",4.9,(13)
SPORTS RECOVERY,Kalologie Spa,"8280 Melrose Ave, Los Angeles",4.8,(15)
"YOGA, STRENGTH TRAINING",PPC Fitness,"1304 E Colorado Blvd, Pasadena",4.5,(100+)
SPORTS RECOVERY,Infuse Wellness,"3306 Pico Boulevard, Santa Monica",4.7,(19)
STRENGTH TRAINING,Carson CrossFit,"20720 Leapwood Avenue, Carson",4.9,(19)
STRENGTH TRAINING,The Fitness Academy at MFitt,"650 N La Peer Drive, West Hollywood",4.8,(13)
DANCE,Ohana Dance,"2772 Artesia Blvd. Suite 107, Redondo Beach",4.7,(25)
CRYOTHERAPY,Fire Hot Yoga and Ice Cryotherapy,"700 West 1st Street, Los Angeles",4.6,(19)
YOGA,Body & Brain Wilshire Yoga·Tai Chi,"638 South Van Ness Avenue, Los Angeles",4.5,(25)
MARTIAL ARTS,Dharma Health Institute,"143 Culver Blvd, Los Angeles",4.6,(87)
MARTIAL ARTS,Sick Side Muay Thai,"4472 W Adams Blvd, Los Angeles",4.4,(11)
"MASSAGE, ACUPUNCTURE",Relax Holistic,"8730 Santa Monica Blvd , Unit E, West Hollywood",4.4,(64)
MARTIAL ARTS,Lion's Pride Kung Fu,"3152 Pacific Coast Hwy , Torrance",4.6,(8)
STRENGTH TRAINING,USA Fitness,"13640 Foothill Blvd, Los Angeles",4.1,(25)
"MARTIAL ARTS, STRENGTH TRAINING, …",Risk Fitness Center,"16501 Bellflower Boulevard, Bellflower",5.0,(21)
"YOGA, PILATES, …",Elements Fitness and Salon,"22733 Hawthorne Blvd., Torrance",3.8,(20)
"PRENATAL, POSTNATAL, …",FIT4MOM,"14201 Huston St, Los Angeles",4.8,(12)
BEAUTY,204 Studios,"7404 Santa Monica Blvd, West Hollywood",4.4,(22)
CUPPING,Harmony Wellness Center,"11540 Santa Monica Boulevard, Los Angeles",4.6,(23)
STRENGTH TRAINING,The Rec Center CrossFit,"588 Mateo St, Los Angeles",4.9,(26)
DANCE,Relevé Studios,"18356 Oxnard St, Los Angeles",5.0,(31)
MASSAGE,Globetrotter Bodyworker,"1216 Brockton Ave, Los Angeles",4.8,(41)
ACUPUNCTURE,Robert Youngs Acupuncture,"1155 South Beverly Drive, Los Angeles",5.0,(10)
"SPORTS RECOVERY, ACUPUNCTURE, …",AcuVida Acupuncture,"6025 North Figueroa Street, Los Angeles",5.0,(11)
MEDITATION,Trinity Health and Wellness,"8474 W 3rd St, Suite 208, Los Angeles",4.3,(100+)
DANCE,Blanks Studios,"15030 Ventura Blvd, Unit #19, Los Angeles",4.7,(100+)
MEDITATION,White Light Sounds,"618 Cypress Ave , Hermosa Beach",4.9,(12)
PILATES,Pilates on Demand LA,"17537 Chatsworth Street, Los Angeles",4.8,(16)
"YOGA, DANCE",True Self Dance,"20718 S Main St., Carson",4.9,(9)
STRENGTH TRAINING,Fitness Is Art,"2019 W Magnolia Blvd, Burbank",4.7,(100+)
MEDITATION,Good Vibez Wellness & Yoga Wellness,"4354 N Tujunga Ave, Studio City",4.9,(29)
STRENGTH TRAINING,Primal Wolf Fitness,"20127 Saticoy St, Los Angeles",4.5,(15)
"GYM TIME, STRENGTH TRAINING, …","Fitness One80, Inc","1655a North Hacienda Boulevard, La Puente",5.0,(5)
BEAUTY,Spa Lé La,"4338 Tujunga Ave, Studio City",4.5,(17)
"CRYOTHERAPY, SPORTS RECOVERY",Recovery Lounge,"12340 Santa Monica Blvd, Suite 101 , Los Angeles",5.0,(5)
MARTIAL ARTS,Capoeira Besouro,"709 Lincoln Blvd., Venice",4.4,(24)
YOGA,The Liquid Yogi,"Tarsan Stand Up Paddle, 831 N. Harbor Drive, Redondo Beach",4.7,(13)
FACIAL,Holistique,"441 S Beverly Dr suite 8, Beverly Hills",4.8,(12)
DANCE,Jazzercise,"861 Valley Dr, Hermosa Beach",4.5,(24)
STRENGTH TRAINING,Bands and Body,"1670 Appian Way, Santa Monica",3.8,(37)
"ACUPUNCTURE, CUPPING",Mind & Body Acupuncture,"1445 North Gardner Street, Los Angeles",5.0,(6)
DANCE,Sierra Madre Dance Center,"154 W Sierra Madre Blvd., Sierra Madre",5.0,(11)
DANCE,South Bay Performance Fitness,"2101 Artesia Blvd, Redondo Beach",4.7,(16)
STRENGTH TRAINING,FitLife Nutrition,"101 Hollister Ave, Santa Monica",5.0,(6)
MASSAGE,Relax House Massage,"11371 Riverside Dr., Los Angeles",4.5,(58)
STRENGTH TRAINING,CrossCourt,"University High School, 11715 Ohio Ave, Los Angeles",4.4,(6)
STRENGTH TRAINING,StingFIT by Scorpio Liberates,"1618 Cotner Ave, Los Angeles",4.6,(100+)
ROWING,Row House,"6451 Pacific Coast Highway Suite C-7, Long Beach",4.7,(10)
PILATES,Sumbody,"4070 Laurel Canyon Blvd, Los Angeles",4.1,(100+)
"BEAUTY, HAIR REMOVAL",Sugaring LA,"1304 Montana Ave., Santa Monica",4.6,(22)
GYM TIME,Fast Lean Fit,"3223 West 6th Street, #1-96, Los Angeles",4.7,(12)
BOXING,Further Than Fitness,"5213 Lankershim Blvd, Los Angeles",5.0,(11)
PILATES,Studio C Pilates and Fitness,"14106 Ventura Blvd, #107, Los Angeles",4.8,(100+)
MARTIAL ARTS,International Shotokan Karate Federation,"1218 5th St, Santa Monica",5.0,(69)
STRENGTH TRAINING,Southwest Anaheim Fit Body Boot Camp,"521 South Brookhurst Street, Anaheim",4.6,(8)
FACIAL,FACILE,"140 South Lake Avenue, Suite 104, Pasadena",4.4,(43)
DANCE,Jazzercise El Segundo,"406 E Grand Ave, El Segundo",4.7,(20)
STRENGTH TRAINING,CrossFit Coincide,"1567 W Embassy St, Anaheim",4.4,(10)
DANCE,Living Tango,"Hermosa Beach Community Center, 710 Pier Avenue, Hermosa Beach",5.0,(13)
STRENGTH TRAINING,PickUp USA Fitness,"2387 Buena Vista St, Irwindale",4.9,(19)
YOGA,Downward Grog LLC,"1581 Industrial St, Los Angeles",5.0,(20)
"MASSAGE, ACUPUNCTURE",Relax Holistic,"9225 Venice Blvd, Culver City",4.3,(54)
STRENGTH TRAINING,Los Al Athletics,"10893 Portal Road, Los Alamitos",4.9,(17)
"MASSAGE, FACIAL",The Art Of You Holistic Center,"1106 North La Cienega Boulevard, West Hollywood",4.9,(18)
"FACIAL, BEAUTY",SkinLab West Hollywood,"8264 Santa Monica Blvd., West Hollywood",4.9,(16)
DANCE,Old School Skinny,"LA DanceFit, 10936 Santa Monica Blvd, Los Angeles",4.1,(11)
MEDITATION,Tropical Breeze Studio,"2100 North Sepulveda Boulevard , Suite 33 (2nd floor), Manhattan Beach",4.6,(26)
MARTIAL ARTS,Be Like Water Tai Chi,"4246 Motor Avenue, Culver City",4.6,(12)
GYM TIME,Xaction Sports Club,"4795 Vineland Ave, Los Angeles",4.3,(12)
MARTIAL ARTS,ZR Team Brazilian Jiu-Jitsu/Self Defense - Arcadia,"117 W Bellevue Dr, Pasadena",4.8,(17)
STRENGTH TRAINING,Bottomless Mimosas Bootcamp,"1341 Lake St, Venice",4.5,(16)
MEDITATION,Barrett Meditation,"1056 Frederick St, Los Angeles",4.9,(31)
SPORTS RECOVERY,The Chiro Guy,"5455 Wilshire blvd , #102, Los Angeles",5.0,(21)
DANCE,Amy Lawrence Ballroom Dance,"1146 N Vermont Ave, , Los Angeles",4.5,(23)
SAUNA,Uvasun,"8242 West 3rd Street, #100, Los Angeles",4.3,(16)
STRENGTH TRAINING,USA Fitness,"13784 Foothill Blvd, Los Angeles",3.8,(16)
DANCE,MOB HQ,"1126 San Fernando Road, San Fernando",5.0,(9)
"YOGA, STRENGTH TRAINING",Gym Life Express,"11862 Balboa Blvd, Granada Hills",4.4,(18)
STRENGTH TRAINING,Hotte Bodies,"12407 Ventura Blvd, Los Angeles",4.9,(28)
MEDITATION,Reiki West Los Angeles,"13900 Marquesas Way, Marina Del Rey",5.0,(14)
STRENGTH TRAINING,Ten Goose Boxing,"14420 Friar Street, Los Angeles",5.0,(9)
GYM TIME,Anytime Fitness,"2217 Huntington Drive, Duarte",5.0,(11)
SAUNA,Alchemie Spa,"2021 Main St, Santa Monica",5.0,(9)
"AERIAL, YOGA, …",Fly Fit Lenise,"1501 W Washington Blvd , Unit #335, Los Angeles",4.9,(16)
STRENGTH TRAINING,C.athletics,"2418 Fullerton Rd, Rowland Heights",5.0,(7)
"YOGA, STRENGTH TRAINING",Pelacore,"2407 North Sepulveda Boulevard, Manhattan Beach",4.8,(12)
BEAUTY,Hair by Alyssa Leah,"13207 Ventura Boulevard, Studio City",5.0,(7)
MARTIAL ARTS,Subconscious BJJ,"4868 Lankershim Blvd., North Hollywood",5.0,(12)
"YOGA, CYCLING, …",Luna Dance Center,"462 W Colorado St, Glendale",4.7,(16)
DANCE,DanceCreate,"10816 Burbank Blvd, North Hollywood",4.6,(10)
PILATES,My Pilates Body,"8242 West 3rd St , 3rd Floor, Los Angeles",5.0,(11)
DANCE,Heat Dance,"1534 North Highland Ave, Los Angeles",4.2,(11)
FACIAL,Tamara Skin Care Beverly Hills,"8950 W Olympic Blvd #205, Beverly Hills",5.0,(9)
BOXING,The Stables,"828 Pico Boulevard #1, Santa Monica",4.8,(11)
"ACUPUNCTURE, CUPPING",Ascended Alchemy,"2510 Main Street, Suite 209, Santa Monica",5.0,(5)
BEAUTY,Total Tan,"4716 Lincoln Boulevard, Marina del Rey",4.4,(8)
STRENGTH TRAINING,Sweat N Burn,"2294 Long Beach Blvd., Long Beach",5.0,(9)
ACUPUNCTURE,SoCal Neck and Back Injury Center,"1625 W Olympic Blvd, Ste M103, Los Angeles",4.8,(6)
BEAUTY,Lash Bungalow,"8601 Wilshire Blvd, Beverly Hills",4.8,(11)
MASSAGE,Body of Beverly Hills,"6360 Wilshire Blvd #502, Los Angeles",5.0,(11)
STRENGTH TRAINING,The Right Fit,"173 E College St, Covina",5.0,(5)
DANCE,Jazzercise Seal Beach,"3333 St Cloud Dr, Seal Beach",4.6,(17)
"PRENATAL, POSTNATAL",FIT4MOM South Bay LA,"2515 Valley Drive, Hermosa Beach",5.0,(5)
BEAUTY,RA_Loft,"605 W Olympic Blvd, Los Angeles",4.7,(7)
BEAUTY,D'Lashes Luxury Eyelash Extension Spa,"8383 Wilshire Blvd, Beverly Hills",5.0,(5)
MASSAGE,Daily Calm,"1424 4th Street, suite 400, Santa Monica",4.8,(28)
"FACIAL, SPORTS RECOVERY",Glow Skincare,"10628 Riverside Drive , Unit 2, Toluca Lake",4.8,(10)
FACIAL,VERABELLA Skin Therapy Spa,"301 North Canon Drive, Beverly Hills",4.6,(9)
MEDITATION,Aum and Garden,"13363 Ventura Blvd, Los Angeles",4.7,(49)
STRENGTH TRAINING,NRG Fitness,"6816 Rosecrans Avenue, Paramount",5.0,(12)
STRENGTH TRAINING,Ausletics,"718 North Brea Boulevard, Brea",4.9,(8)
DANCE,Polarity Fitness,"501 Pine Ave, Long Beach",4.8,(9)
MARTIAL ARTS,Brazilian Top Team Fullerton | Orange County Jiu-Jitsu Training,"400 E. Commonwealth Ave, Fullerton",4.9,(8)
BEAUTY,Total Tan,"8505 Santa Monica Boulevard, West Hollywood",5.0,(7)
STRENGTH TRAINING,Kiwi Bootcamp,"Robert L. Burns Park, 240 N Van Ness Ave, Los Angeles",4.9,(13)
"MASSAGE, MEDITATION, …",The Center Method,"2716 Wilshire Boulevard, Santa Monica",4.5,(8)
YOGA,Hot Soul Yoga,"5259 Lankershim Blvd, #c Noho, Los Angeles",4.7,(14)
BARRE,West Coast Barbell,"1841 N Gaffey St, Los Angeles",4.9,(8)
STRENGTH TRAINING,Training For Warriors La Cañada,"457 Foothill Boulevard, La Cañada Flintridge",4.8,(7)
"PRENATAL, POSTNATAL",Fit4Mom,"5255 E Paoli Way, Long Beach",4.4,(8)
STRENGTH TRAINING,The Lindy Loft,"560 S Main St, Unit 9N, Los Angeles",4.9,(24)
MARTIAL ARTS,Knowles Karate Academy,"4378 W 3rd St, Los Angeles",5.0,(45)
YOGA,Zooga Yoga,"2206 Artesia Blvd, Redondo Beach",4.7,(58)
STRENGTH TRAINING,The Gymnast Method,"18750 Oxnard St, #402, Los Angeles",4.6,(25)
MARTIAL ARTS,Combatives Academy,"10426 Burbank Blvd, North Hollywood",4.6,(8)
BEAUTY,Oracle Hair - Makeup and Image Consulting,"3201 Wilshire Boulevard, Santa Monica",4.0,(6)
DANCE,You Can Dance Studio,"1089 Aviation Blvd, Hermosa Beach",4.7,(24)
MASSAGE,World Fusion Wellness Center,"11935 Santa Monica Blvd., Los Angeles",4.2,(9)
GYM TIME,Pump Fitness,"631 North Pacific Coast Highway, Redondo Beach",4.6,(6)
MARTIAL ARTS,Jeff Speakman's Kenpo 5.0 Pasadena Martial Arts,"1614 E. Washington Blvd, Pasadena",4.3,(12)
MARTIAL ARTS,ZR Team Brazilian Jiu-Jitsu - Pasadena,"117 W Bellevue Dr, Pasadena",4.6,(23)
DANCE,Jazzercise,"1101 Camino Real Ave., Redondo Beach",3.8,(6)
YOGA,Spa Le Merigot,"1740 Ocean Ave, Santa Monica",3.9,(15)
STRENGTH TRAINING,Slim Body Fitness,"9709 Lurline Ave, Los Angeles",4.1,(8)
"FACIAL, CRYOTHERAPY, …",Cryo Glow,"15622 Ventura Blvd, Encino",4.1,(13)
STRENGTH TRAINING,Warrior Love Fitness,"7341 Willoughby Ave, West Hollywood",2.8,(6)
"MASSAGE, FACIAL",Bossa Spa,"9194 W Olympic Blvd, Beverly Hills",5.0,(12)
DANCE,LA Star Dance,"19320 Ventura Blvd, Tarzana",3.4,(16)
"YOGA, STRENGTH TRAINING",1500 Degrees Fitness,"12718 Sherman Way, Los Angeles",3.0,(19)
GYM TIME,Harakati Movement,"810 Spring Street #906, Los Angeles",3.7,(24)
"CYCLING, STRENGTH TRAINING",Mo-Mentum Fitness,"16470 Bolsa Chica Rd, Huntington Beach",4.5,(16)
"MASSAGE, FACIAL",The Humble Abode Spa,"519 North La Cienega Boulevard, West Hollywood",4.6,(17)
DANCE,Go To Heaven Dance Company,"The Movement Lifestyle , 11105 Weddington Street, Los Angeles",2.0,(9)
MEDITATION,HeARTbreak Studios at Aunt Bessi's,"10590 West Pico Boulevard, Los Angeles",5.0,(8)
"BEAUTY, HAIR REMOVAL",Sugaring LA,"8764 Holloway Dr., West Hollywood",5.0,(7)
STRENGTH TRAINING,Element Fitness,"8500 Wilshire Blvd, Beverly Hills",4.7,(12)
"FACIAL, SPORTS RECOVERY",Makeup Mandy,"8530 Wilshire Blvd. Suite 530, Beverly Hills",4.9,(8)
FACIAL,FACILE,"638 1/2 N Robertson Blvd, West Hollywood",4.9,(10)
FACIAL,Beautiful Skin by Charlotte,"8727 La Tijera Boulevard, Los Angeles",5.0,(5)
SPORTS RECOVERY,A Divine H2O,"14427 Ventura Blvd, Sherman Oaks",5.0,(5)
"FACIAL, BEAUTY",Enid Wellness,"4405 East 4th Street, Long Beach",5.0,(5)
ACUPUNCTURE,Modern Acupuncture,"207 West Imperial Highway Suite B304, Brea",5.0,(5)
BEAUTY,V Skin Care Studio,"The Massage Garage, 3812 Main St, Culver City",4.8,(14)
MASSAGE,Wadee Spa,"637 S Fairfax Ave., Los Angeles",4.1,(78)
CUPPING,Balance from Within Acupuncture & Integrative Wellness,"2001 South Barrington Ave. #118, Los Angeles",4.8,(6)
GYM TIME,Anytime Fitness,"300 Pacific Coast Highway, Hermosa Beach",5.0,(6)
STRENGTH TRAINING,Ganbatte,"3235 North San Fernando Road Bldg 4, Los Angeles",4.7,(8)
FACIAL,Face Haus,"8377 W 3rd St, Los Angeles",4.9,(9)
BEAUTY,Dr. Rahi,"9615 BRIGHTON WAY #303, Beverly Hills",5.0,(5)
"ACUPUNCTURE, CUPPING",Jafari Acupuncture Clinic,"1752 Ocean Park Boulevard, Santa Monica",4.8,(5)
SPORTS,Palisades Tennis Center,"851 Alma Real Drive, Pacific Palisades",4.8,(5)
BARRE,The Main Barre,"560 S Main St, Apt 4W, Los Angeles",4.7,(500+)
MASSAGE,LA Sports Massage,"1990 Westwood Boulevard #105, Los Angeles",5.0,(6)
"MASSAGE, FACIAL, …",Elle Marie Spa,"21880 Hawthorne Boulevard, Torrance",4.9,(8)
BOXING,Melissa Merritt Fitness,"5142 Laurel Canyon Blvd., Valley Village",4.6,(6)
STRENGTH TRAINING,Social Workout Studio,"21141 Devonshire St, Los Angeles",5.0,(13)
"MASSAGE, ACUPUNCTURE",Barlow Clinic,"1483 Havenhurst Dr., West Hollywood",4.2,(6)
"FACIAL, SAUNA, …",Ascentia Beauty Spa,"4662 Lankershim Blvd, North Hollywood",5.0,(5)
MARTIAL ARTS,M3 Fight and Fitness,"2613 Honolulu Ave, Glendale",4.5,(12)
"MASSAGE, FACIAL, …",Skin Gallery,"10349 Balboa Blvd St , Suite 201, Granada Hills",4.4,(8)
BEAUTY,JL Esthetics,"4160 Hillcrest , #2, Los Angeles",5.0,(5)
BEAUTY,Kimarge West Salon,"8863 Venice Boulevard, Los Angeles",4.0,(11)
MARTIAL ARTS,Aikido Kenkyukai International,"First Unitarian Church of Los Angeles, 2936 8th Street , Los Angeles",4.4,(8)
BEAUTY,DTLA Hair,"109 E. 11 Street, Los Angeles",4.2,(6)
STRENGTH TRAINING,Get Beyond Fit with Marco Reed,"Kimpton La Peer Hotel, 627 N La Peer Dr, West Hollywood, West Hollywood",5.0,(7)
MARTIAL ARTS,Yano Wing Chun,"4454 Van Nuys Blvd. Unit 106A, Sherrman Oaks",4.8,(5)
MARTIAL ARTS,We Train Here,"5161 Pomona Boulevard Suite 206, East Los Angeles",4.8,(5)
"YOGA, PILATES",Athleta,"189 The Grove Drive, Los Angeles",3.7,(7)
MARTIAL ARTS,Zenki Dojo,"1761 Hillhurst Ave, Los Angeles",4.9,(100+)
"STRENGTH TRAINING, BOXING",ME Life,"43 1/2 Thornton Ave, Los Angeles",5.0,(13)
STRENGTH TRAINING,Jon Kaker Fitness,"1654 Lincoln Blvd, Santa Monica",4.8,(39)
DANCE,Kim Blank Dance,"Downtown Dance & Movement, 1144 S Hope St, Los Angeles",4.9,(36)
GYM TIME,WorkoutLA,"South Weddington Park, 10600 Valleyheart Dr, Los Angeles",4.6,(18)
STRENGTH TRAINING,Progeny Fitness,"757 Ocean Ave, Santa Monica",5.0,(90)
STRENGTH TRAINING,End Results,"24402 Hawthorne Blvd, Torrance",3.7,(7)
STRENGTH TRAINING,Forever Body And Fitness,"706 E Imperial Hwy, Fitness 19, Brea",4.6,(13)
DANCE,Jazzercise,"6172 Garden Grove Blvd, Westminster",4.5,(41)
CYCLING,Real Ryder Spin,"10155 Reseda Blvd, Los Angeles",4.0,(8)
"MASSAGE, ACUPUNCTURE, …",Ming's Acupuncture & Health Associates,"714 West Olympic Boulevard, Los Angeles",4.3,(6)
"YOGA, MARTIAL ARTS",Body & Brain Yoga Tai Chi,"7619 White Oak Ave., Reseda",4.2,(6)
MEDITATION,True Insight Spiritual Center,"431 ½ Main Street, El Segundo",4.9,(10)
STRENGTH TRAINING,Fit Freaks Elite Performance Fitness Training,"3303 Sunset Boulevard, Los Angeles",3.6,(11)
STRENGTH TRAINING,Depaz Energie Inc,"12928 Venice Blvd, Los Angeles",3.9,(15)
BOXING,Rock N Box,"135 N Victory Blvd, Burbank",4.3,(29)
"PILATES, STRENGTH TRAINING",Braun Fitness,"100 W Villa St, #103, Pasadena",4.6,(12)
STRENGTH TRAINING,LAUNCH,"235 Hill St, Santa Monica",5.0,(5)
"STRENGTH TRAINING, DANCE",Primefit LA,"1130 E, Colorado Street, Glendale",2.0,(5)
MASSAGE,VEDA,"606 Westmount Drive, West Hollywood",3.4,(10)
STRENGTH TRAINING,ExpressActive,"917-447-6666, 20 Ocean Park Blvd, Santa Monica",3.6,(34)
STRENGTH TRAINING,Gym by Janako,"8250 W. 3rd Street, Los Angeles",4.4,(100+)
"FACIAL, BEAUTY",Mystik Salon,"4335 Sepulveda Blvd, Culver City",1.4,(12)
