CYCLING,SPARKCYCLE,"2835 Perry Rd, San Diego",4.9,(5000+)
YOGA,Yoga Six,"2850 Womble Rd, Suite 101, San Diego",4.9,(5000+)
BOXING,Renegade Fitcamp,"3312 University Avenue, San Diego",5.0,(1000+)
CYCLING,CycleBar,"1040 University Ave, San Diego",4.9,(5000+)
STRENGTH TRAINING,Renegade Fitcamp,"440 W Washington St, San Diego",4.9,(5000+)
CYCLING,Rush Cycle,"11055 Roselle St, Suite 140, San Diego",4.9,(5000+)
PILATES,Pilates Plus,"1015 Turquoise St, Suite 1, San Diego",4.9,(5000+)
"CYCLING, PILATES",BODYROK,"121 N El Camino Real, Suite B, Encinitas",4.9,(5000+)
CYCLING,Rush Cycle,"339 N El Camino Real, Encinitas",4.9,(5000+)
YOGA,Yoga Six,"437 Hwy 101, Suite #401, Solana Beach",4.8,(5000+)
CYCLING,SPARKCYCLE,"7777 Fay Ave, Suite G1, San Diego",4.9,(5000+)
STRENGTH TRAINING,Renegade Fitcamp,"3445 Midway Dr, San Diego",4.9,(1000+)
YOGA,Reach Yoga,"1319 Garnet Ave, San Diego",4.9,(5000+)
YOGA,Yoga Six,"1905 Calle Barcelona, Suite 238, Carlsbad",4.8,(5000+)
STRENGTH TRAINING,Versatile Fitness,"2710 Garnet Ave, #204, San Diego",4.9,(5000+)
CYCLING,Rush Cycle - La Jolla,"5628 La Jolla Blvd, San Diego",4.9,(5000+)
BARRE,Studio Barre,"321 W Washington St, San Diego",4.9,(5000+)
PILATES,Studio Reform Pilates,"1040 University Ave, San Diego",4.9,(5000+)
YOGA,Mantra Yoga & Juice Bar,"5617 Paseo Del Norte, suite 230, Carlsbad",4.8,(5000+)
PILATES,Pilates Plus La Jolla,"7712 Fay Ave, San Diego",4.9,(5000+)
YOGA,Yoga Tropics,"830 S Coast Hwy 101, Encinitas",4.8,(5000+)
STRENGTH TRAINING,Elevate Training,"437 Hwy 101, #201, Solana Beach",4.9,(5000+)
STRENGTH TRAINING,Elevate Training,"900 Bayfront Court, Suite 107, San Diego",4.9,(5000+)
PILATES,Pilates Republic,"960 South Coast Highway 101 Unit 112, Encinitas",4.9,(1000+)
STRENGTH TRAINING,HIIT Circuit Training,"7743 Fay Ave, San Diego",4.9,(5000+)
BARRE,Belle + Barre,"3956 1st Ave, San Diego",4.9,(5000+)
PILATES,Powerhouse Pilates,"5010 Cass St, Suite H, San Diego",4.9,(5000+)
BARRE,Studio Barre,"208 N El Camino Real, Suite C, Encinitas",4.9,(5000+)
YOGA,Yoga Box,"909 Grand Avenue, San Diego",4.9,(1000+)
"PILATES, STRENGTH TRAINING",BODYROK,"3725 Paseo Place Suite 1080, San Diego",4.9,(1000+)
STRENGTH TRAINING,HIIT Circuit Training,"1255A University Ave, San Diego",4.9,(1000+)
STRENGTH TRAINING,Infinite Fitness,"4330 Morena Blvd, Suite D, San Diego",4.9,(5000+)
CYCLING,Pure Indoor Cycling,"401 W A St, Suite 140 , San Diego",4.9,(5000+)
"STRENGTH TRAINING, RUNNING",Barry's Bootcamp,"1220 Cleveland Ave, San Diego",4.9,(5000+)
YOGA,Indie Yoga,"1857 Bacon St, San Diego",4.9,(5000+)
YOGA,Soul Of Yoga,"627 Encinitas Blvd, Encinitas",4.8,(1000+)
YOGA,Spirit Yoga Studios,"1559 Garnet Ave, San Diego",4.9,(5000+)
YOGA,Yoga Six,"16625 Dove Canyon Rd, San Diego",4.8,(5000+)
BARRE,Studio Barre,"5705 La Jolla Blvd, San Diego",4.9,(5000+)
CYCLING,Edge Cycle,"1490 J Street, San Diego",4.9,(1000+)
"YOGA, STRENGTH TRAINING",Evolve Yoga,"687 S Coast Hwy 101, Suite 155, Encinitas",4.9,(1000+)
YOGA,CorePower Yoga,"4592 Clairemont Dr, San Diego",4.9,(1000+)
BARRE,belle + barre,"1556 Grand Ave, San Diego",4.9,(1000+)
CYCLING,VERVE Studios,"2630 Del Mar Heights Road, Del Mar",4.9,(1000+)
YOGA,CorePower Yoga,"2710 Via De La Valle, Del Mar",4.8,(1000+)
YOGA,Bird Rock Yoga,"910 Grand Ave, Suite 206, San Diego",4.9,(5000+)
BARRE,BarreBody,"1559 Garnet Ave, Suite A, San Diego",4.9,(5000+)
YOGA,Buddhi Yoga,"7843 Girard Ave, Suite F, San Diego",4.8,(5000+)
PILATES,West Coast Pilates Centre,"5316 Baltimore Dr, La Mesa",4.8,(1000+)
BOXING,BoxFit,"4101 30th St, Unit B, San Diego",4.9,(1000+)
YOGA,Yoga Six,"4639-4653 Carmel Mountain Rd, San Diego",4.8,(1000+)
AERIAL,Trilogy Sanctuary,"7650 Girard Ave, Suite 400, San Diego",4.8,(5000+)
GYM TIME,Point Loma Sports Club,"2751 Roosevelt Rd, San Diego",4.9,(1000+)
YOGA,Fortis & YOGALUX,"2712 Gateway Rd, Carlsbad",4.8,(1000+)
"CYCLING, STRENGTH TRAINING, …",Red Effect,"11130 East Ocean Air Drive, Suite 105, San Diego",4.9,(1000+)
CYCLING,Rush Cycle,"7835 Highlands Village Pl, San Diego",4.9,(1000+)
"YOGA, STRENGTH TRAINING",PB Fitness,"4965 Cass Street, San Diego",4.9,(1000+)
YOGA,Sojourn Healing Collective,"2870 Fifth Ave, San Diego",4.8,(1000+)
STRENGTH TRAINING,The Fit Mill,"5617 Paseo Del Norte, Carlsbad",4.9,(1000+)
YOGA,Riffs Yoga Studios - Bird Rock,"5510 La Jolla Blvd, San Diego",4.9,(1000+)
CRYOTHERAPY,RejuvCryo & Wellness,"463 Encinitas Boulevard, Encinitas",4.9,(1000+)
PILATES,WundaBar Pilates,"4653 Carmel Mountain Rd, Suite 309A, San Diego",4.9,(5000+)
PILATES,Beyond Pilates,"423 University Ave, San Diego",4.8,(1000+)
BOXING,TITLE Boxing Club,"2852 University Ave, San Diego",4.9,(1000+)
PILATES,Align Pilates,"3735 Adams Ave, San Diego",4.9,(500+)
CYCLING,CycleBar,"12720 Carmel Country Rd, San Diego",4.9,(1000+)
YOGA,Modo Yoga San Diego,"3091 Clairemont Drive, San Diego",4.9,(1000+)
YOGA,Prana Yoga Center,"1041 Silverado St, San Diego",4.9,(1000+)
"YOGA, STRENGTH TRAINING",Namaste Fitness,"2015 Birch Rd, #217, Chula Vista",4.9,(500+)
STRENGTH TRAINING,Gemini Fit,"742 Genevieve St, Solana Beach",5.0,(1000+)
YOGA,Yoga Six,"8657 Villa La Jolla Dr Ste 121, La Jolla",4.8,(1000+)
STRENGTH TRAINING,Sweat Equity,"1007 Isabella Ave, Coronado",5.0,(500+)
PILATES,Beyond Pilates,"6195 Lake Murray Blvd, Suite E & F, La Mesa",4.8,(1000+)
YOGA,CorePower Yoga,"10432 Reserve Dr, San Diego",4.8,(1000+)
PILATES,Pilates of San Diego,"450 Tenth Ave, Ste 125, San Diego",4.9,(1000+)
BARRE,Pure Barre,"3650 Fifth Ave, Suite 102, San Diego",4.8,(1000+)
PILATES,Corebody Pilates Plus,"15817 Bernardo Center Dr, Suite 110, San Diego",4.8,(1000+)
PILATES,Vida Pilates UC,"3202 Governor Dr, Suite 209/210, San Diego",4.8,(1000+)
YOGA,Black Sheep Yoga,"1828 S Coast Hwy, Oceanside",4.9,(1000+)
YOGA,The Little Yoga Studio,"702 Ash St, Suite B, San Diego",4.8,(1000+)
"PILATES, BARRE",Relevate,"9085 Judicial Drive, 3rd Fl , San Diego",5.0,(1000+)
"DANCE, BARRE",Be. Move Dance Connect,"431 Encinitas Boulevard, Encinitas",4.8,(500+)
YOGA,Saffron and Sage,"2555 State St, San Diego",4.9,(1000+)
PILATES,Beyond Pilates,"4085 Adams Ave, San Diego",4.7,(1000+)
YOGA,Reverence Yoga,"3211 Holiday Court, San Diego",4.8,(1000+)
YOGA,CorePower Yoga,"7728 Regents Rd, San Diego",4.8,(1000+)
BARRE,Pure Barre,"635 Seventh Ave, San Diego",4.8,(1000+)
"YOGA, PILATES",B.U.fit,"1011 Grand Avenue, San Diego",4.9,(500+)
PILATES,Studio40 Fitness,"13557 Poway Road, Poway",4.9,(500+)
CYCLING,Rush Cycle,"314 S. Twin Oaks Valley Rd, Suite 114, San Marcos",4.9,(500+)
STRENGTH TRAINING,Fitwall,"437 Hwy 101, Suite 203, Solana Beach",4.8,(1000+)
AERIAL,Aerial Revolution,"5370 Napa St, San Diego",4.8,(1000+)
STRENGTH TRAINING,Sweat Society,"1727 University Ave, 2nd Floor, San Diego",4.9,(500+)
"AERIAL, YOGA",Elka Yoga and Wellness Center,"4166 Voltaire St, San Diego",4.8,(1000+)
YOGA,Riffs Yoga Studios - Ocean Beach,"4893 Voltaire St, San Diego",4.9,(1000+)
YOGA,Honey Yoga,"4952 El Cajon Boulevard, San Diego",4.9,(500+)
PILATES,MPOWER Pilates & Fitness,"1005 Carlsbad Village Drive, Suite D1, Carlsbad",4.9,(100+)
YOGA,YogaFuzn,"565 Pearl St, San Diego",4.8,(1000+)
PILATES,Studio Flo Pilates,"4010 Morena Blvd, Suite 224, San Diego",4.9,(1000+)
YOGA,Woven We Are,"2697 State St, Carlsbad",4.8,(1000+)
PILATES,Pilates Movement,"410 S. Cedros Avenue , Solana Beach",4.8,(1000+)
"SPORTS RECOVERY, SAUNA",HOT HAVEN,"521 Grape Street, San Diego",4.9,(100+)
STRENGTH TRAINING,Kim Kelly Fit,"1550 Camino Del Mar , Suite 312, Del Mar",4.9,(500+)
YOGA,Yoga Del Mar,"13983 Mango Dr, #206, Del Mar",4.7,(1000+)
"AERIAL, YOGA",Aerial Theory,"330 Rancheros Dr, Suite 118, San Marcos",4.9,(500+)
PILATES,Pilates of San Diego,"310 K St, San Diego",4.9,(1000+)
"CYCLING, STRENGTH TRAINING",Evolve Fusion Fitness,"1618 W Lewis St, San Diego",4.7,(1000+)
YOGA,B3yond Yoga,"4411 Mercury St, San Diego",4.8,(1000+)
"CRYOTHERAPY, SPORTS RECOVERY, …",LIVKRAFT Performance Wellness,"7710 Fay Avenue, La Jolla",4.9,(500+)
YOGA,Tri-City Wellness & Fitness Center,"6250 El Camino Real, Carlsbad",4.9,(500+)
BARRE,Xtend Barre,"12265 Scripps Poway Pkwy, Unit 112, Poway",4.8,(1000+)
BARRE,The Dailey Method,"1202 Kettner Blvd, #205, San Diego",4.8,(1000+)
STRENGTH TRAINING,Pacific Beach Training,"4440 Ingraham St, San Diego",4.9,(1000+)
"YOGA, CYCLING",CycleOM,"2400 Kettner Blvd, Studio 114, San Diego",4.7,(1000+)
"YOGA, DANCE",Scripps Performing Arts Academy,"3880 Valley Centre Dr, #201, San Diego",4.8,(500+)
PILATES,Beyond Pilates,"9721 Mission Gorge Rd, Santee",4.8,(500+)
YOGA,CorePower Yoga,"515 Encinitas Blvd, Suite 100, Encinitas",4.8,(100+)
BARRE,BarreBody,"10425 Tierrasanta Blvd, San Diego",4.8,(500+)
GYM TIME,Workout Bar,"851 Showroom Pl, Chula Vista",4.9,(500+)
YOGA,Yoga Box,"1450 University Avenue, San Diego",4.9,(100+)
"YOGA, STRENGTH TRAINING",Liber8FIT Underground,"1825 El Cajon Boulevard, San Diego",4.9,(100+)
YOGA,CorePower Yoga,"1554 Garnet Ave, San Diego",4.8,(100+)
BARRE,Studio Barre,"7845 Highlands Village Place, San Diego",4.9,(100+)
YOGA,CorePower Yoga,"3918 30th St, San Diego",4.8,(100+)
BARRE,Pure Barre,"5965 Village Way Suite E202, San Diego",4.7,(100+)
DANCE,Fun Pole Fitness,"2828 University Ave, #105, San Diego",4.9,(500+)
PILATES,Mission Beach Pilates,"819 San Fernando Pl, San Diego",4.8,(1000+)
STRENGTH TRAINING,Studio SWEAT,"10806 Willow Ct, Suite 2, San Diego",4.8,(500+)
STRENGTH TRAINING,CrossFit PB,"1827 Garnet Ave, San Diego",4.9,(500+)
YOGA,CorePower Yoga,"3555 Rosecrans St, San Diego",4.8,(100+)
CYCLING,CycleBar,"1646 San Elijo Rd. Suite 101, San Marcos",4.9,(100+)
YOGA,The Wellness & Yoga Lounge,"8898 Clairemont Mesa Blvd, San Diego",4.7,(1000+)
YOGA,Union Yoga,"4002 Park Blvd. Ste. A, San Diego",4.8,(100+)
"YOGA, GYM TIME, …",Crunch,"1211 Garnet Avenue, San Diego",4.7,(100+)
BOXING,9Round Encinitas,"264 N. El Camino Real, Suite D, Encinitas",4.9,(100+)
YOGA,CorePower Yoga,"14705 Pomerado Rd, Poway",4.8,(500+)
PILATES,Poway Pilates,"14031 Midland Rd, Poway",4.7,(500+)
"YOGA, STRENGTH TRAINING",Grotto Climbing & Yoga,"4460 Alvarado Canyon Rd, San Diego",4.8,(1000+)
STRENGTH TRAINING,Brainstorm Fitness,"3425 Fifth Ave, Suite 4, San Diego",4.9,(500+)
STRENGTH TRAINING,Glide Training Co.,"2056 1st Ave , San Diego",4.9,(500+)
"PILATES, BOXING",San Diego Premier Training,"6451 El Camino Real, Suite B-2, Carlsbad",4.8,(500+)
"YOGA, GYM TIME, …",Crunch,"6025 Village Way, San Diego",4.7,(100+)
YOGA,CorePower Yoga,"5262 Baltimore Dr, La Mesa",4.9,(100+)
YOGA,Island Yoga,"1330 Orange Ave, Suite 210, Coronado",4.7,(100+)
YOGA,The House of Yogi,"3954 West Point Loma Boulevard, San Diego",4.8,(100+)
BOXING,TITLE Boxing Club,"2015 Birch Road, Suite 1215, Chula Vista",4.9,(100+)
DANCE,Balletiquette Dance/Bay Park Pilates,"3060 Clairemont Dr, San Diego",4.9,(100+)
BOXING,9Round,"1416-A Garnet Ave., San Diego",4.9,(100+)
PILATES,Pilates of Eastlake,"871 Harold Pl, Unit 304, Chula Vista",4.7,(100+)
"YOGA, PILATES",SunChaser SUP,"1006 W Briarfield Dr, San Diego",4.8,(500+)
PILATES,Live + Love Pilates,"7843 Girard Ave, Suite D, San Diego",4.8,(500+)
"YOGA, STRENGTH TRAINING",NXPT,"5150 Murphy Canyon Rd, San Diego",4.8,(1000+)
PILATES,Pilates Fusion,"7189 Navajo Road, San Diego",4.7,(100+)
CYCLING,Versatile Fitness,"2710 Garnet Avenue #201, San Diego",4.7,(100+)
"YOGA, GYM TIME, …",Crunch,"6215 El Camino Real, Carlsbad",4.7,(100+)
STRENGTH TRAINING,Efficient Working Bodies,"4733 Point Loma Avenue, San Diego",5.0,(100+)
YOGA,Mission Beach Yoga,"3788 Mission Blvd, San Diego",4.9,(500+)
DANCE,A Time to Dance,"3982 30th St, San Diego",4.7,(500+)
YOGA,Bikram Yoga Mira Mesa,"9375 Mira Mesa Blvd, San Diego",4.7,(500+)
YOGA,Wild Island Collective,"3504 Adams Ave, San Diego",4.9,(100+)
PILATES,Propel Pilates and Fitness,"16769 Bernardo Center Dr, Suite K-5, San Diego",4.6,(500+)
STRENGTH TRAINING,Pure Motion Fitness,"10175 Rancho Carmel Dr, #106, San Diego",4.9,(500+)
YOGA,Tranquil Earth Yoga,"8691 La Mesa Boulevard, La Mesa",4.8,(100+)
YOGA,Bloom Yoga,"2990 Jamacha Road, El Cajon",4.9,(100+)
YOGA,Radiant Yoga,"1189 Morena Boulevard, San Diego",4.8,(100+)
BARRE,BARRE + bay wreath,"3422 Tripp Ct, Suite C, San Diego",4.7,(500+)
YOGA,CorePower Yoga,"1080 University Ave, #H205, San Diego",4.7,(100+)
BOXING,GOLO Boxing,"742 Genevieve St, Solana Beach",4.8,(100+)
"PILATES, BARRE",Armone's Core Connection,"7520 Eads Ave, #4, San Diego",4.8,(100+)
DANCE,Jazzercise Carlsbad,"6986 El Camino Real, Carlsbad",4.8,(100+)
"YOGA, STRENGTH TRAINING",Synergy180,"4861 Newport Ave, San Diego",4.9,(100+)
YOGA,Floating Yogis,"4509 Adams St, Carlsbad",4.9,(100+)
PILATES,Pukka Pilates & Physical Therapy,"7805 Highlands Village Pl, Suite G101, San Diego",4.8,(100+)
YOGA,Elite Yoga,"7514 Girard Ave, Unit #3, San Diego",4.8,(500+)
"DANCE, BARRE",Move Fitness,"8674 La Mesa Blvd, La Mesa",4.8,(500+)
BARRE,ALIGN fitness + barre,"1635 S Rancho Santa Fe Rd, Suite #102, San Marcos",4.9,(100+)
YOGA,CommuniTea Kundalini,"609 Vista Way, Oceanside",4.8,(100+)
YOGA,yoga80,"11526 Sorrento Valley Rd, Suite E, San Diego",4.7,(100+)
DANCE,Jazzercise,"11048 Ice Skate Pl, San Diego",4.8,(100+)
STRENGTH TRAINING,San Diego Fitness and Motion,"5945 Pacific Center Boulevard , 501, San Diego",4.6,(100+)
"STRENGTH TRAINING, DANCE",La Jolla Sports Club,"7825 Fay Ave, San Diego",4.5,(500+)
STRENGTH TRAINING,Offshore CrossFit,"2052 Corte Del Nogal, Carlsbad",4.9,(100+)
STRENGTH TRAINING,Fit Nest,"1544 Grand Avenue Suite D, San Diego",4.9,(100+)
CYCLING,Beyond Pilates,"3342 Adams Ave, San Diego",4.6,(100+)
YOGA,C YOGA,"3232 Governor Dr, San Diego",4.7,(100+)
YOGA,The Metta Space,"3060 Adams Avenue, San Diego",4.7,(100+)
STRENGTH TRAINING,On Track Wellness,"3481 Kurtz St, San Diego",4.9,(100+)
BARRE,The Bar Method,"2751 Roosevelt Rd, Suite 200, San Diego",4.8,(100+)
YOGA,CorePower Yoga,"980 Camino De La Reina, Unit #4, San Diego",4.8,(100+)
STRENGTH TRAINING,HIIT Circuit Training,"3253 Kemper Street, San Diego",4.9,(67)
DANCE,Jazzercise,"5050 Soledad Rd, San Diego",4.8,(100+)
"YOGA, CYCLING, …",Studio Cybrid,"1465 Encinitas Boulevard Suite C, Encinitas",4.8,(82)
PILATES,"Pilates Plus San Diego, LLC.","1940 5th Ave, Suite 301, San Diego",4.9,(500+)
SAUNA,Bio-tique,"13206 Carriage Road Suite 203, Poway",4.9,(100+)
PILATES,Pukka Pilates & Physical Therapy,"12030 Scripps Summit Dr, Suite E, San Diego",4.8,(100+)
STRENGTH TRAINING,CrossFit Kivnon,"8333 Case St, La Mesa",4.9,(100+)
STRENGTH TRAINING,KOR Strength and Conditioning,"4223 30th St, Suite B, San Diego",4.9,(100+)
"STRENGTH TRAINING, BARRE",Camp Xcel,"1211 Morena Boulevard, San Diego",4.8,(100+)
"YOGA, STRENGTH TRAINING",Yauvana Yoga & Float,"14021 Midland Road, Poway",4.8,(67)
"STRENGTH TRAINING, BOXING",Fitness Is My Sickness,"7202 El Cajon Blvd , San Diego",4.7,(100+)
STRENGTH TRAINING,Grinder Gym San Diego,"1013 Morena Blvd, Suite B, San Diego",4.8,(100+)
"PRENATAL, POSTNATAL",FIT4MOM - Stroller Strides Balboa Park,"2020 Park Blvd, San Diego",4.9,(100+)
STRENGTH TRAINING,Landform Fitness,"4444 El Cajon Boulevard, #13, San Diego",4.9,(97)
YOGA,Yoga With Yumi,"1794 West Washington St, San Diego",4.9,(78)
STRENGTH TRAINING,Top Form Training San Diego,"9545 Kearny Villa Road Suite 102, San Diego",5.0,(83)
STRENGTH TRAINING,HIIT Circuit Training,"201 Park Blvd, Suite 115, San Diego",4.9,(39)
YOGA,Kula Yoga SD,"305 3rd Ave, Chula Vista",4.8,(100+)
"PILATES, STRENGTH TRAINING",Vai Fitness,"1460 Seventh Ave, San Diego",4.9,(100+)
CYCLING,Implicit Cycling,"4780 Mission Gorge Pl, STE C, San Diego",4.8,(100+)
GYM TIME,Crunch,"5881 University Avenue, San Diego",4.7,(47)
STRENGTH TRAINING,XX Fitness,"1943 Adams Avenue, San Diego",5.0,(55)
YOGA,San Marcos Yoga,"801 Grand Ave, San Marcos",4.8,(100+)
PILATES,Sunset Cliffs Pilates,"4720 Point Loma Ave, San Diego",4.7,(100+)
"YOGA, STRENGTH TRAINING",Mission FIT,"7945 Morocco Dr, La Mesa",4.9,(100+)
BOXING,Encinitas Boxing and Fitness,"613 Westlake St, Encinitas",4.9,(100+)
BOXING,Carlsbad Kickboxing Club,"5751 Palmer Way, Carlsbad",4.8,(100+)
STRENGTH TRAINING,Jo’s Bootcamp,"28th and Thorn Street, San Diego",5.0,(61)
YOGA,Sol Yoga Fit,"1229 3rd Ave, Chula Vista",4.8,(90)
BOXING,Xplicit Fitness,"4780 Mission Gorge Pl, San Diego",4.9,(100+)
"YOGA, GYM TIME, …",Crunch,"851 Showroom Place Pl , #104, Chula Vista",4.5,(52)
MARTIAL ARTS,Higley Fit Martial Arts,"6064 Corte Del Cedro, Carlsbad",5.0,(100+)
"PRENATAL, YOGA, …",Nature’s Whisper,"4205 Park Boulevard, San Diego",4.7,(51)
STRENGTH TRAINING,Thrive House,"3610 Midway Drive, Suite 2, San Diego",4.7,(43)
"YOGA, GYM TIME, …",Crunch,"522 Jamacha Road, El Cajon",4.6,(37)
STRENGTH TRAINING,Bear Republic CrossFit,"840 G St, San Diego",4.8,(59)
DANCE,Jazzercise,"6360 El Cajon Blvd, San Diego",4.7,(100+)
YOGA,Yoga Arts,"3017 Cañon St, San Diego",4.5,(48)
CRYOTHERAPY,GoCryo,"7807 Convoy Court #103, San Diego",4.8,(77)
DANCE,Jazzercise,"2110 Hancock St., San Diego",4.7,(56)
STRENGTH TRAINING,FIT4MOM,"2688 East Mission Bay Drive, San Diego",5.0,(18)
DANCE,Jazzercise Carmel Valley,"12750 Carmel Country Road, San Diego",4.7,(59)
STRENGTH TRAINING,Hillcrest Athletic Club,"1243 University Ave, San Diego",4.6,(81)
YOGA,Breakthrough Healing Arts,"PB Fitness, 4965 Cass St, San Diego",4.9,(97)
"YOGA, PILATES, …",LA Pilates,"2622-A El Camino Real, Carlsbad",4.2,(100+)
"PRENATAL, POSTNATAL",FIT4MOM - Stroller Strides Cardiff,"2149 Orinda Dr, Encinitas",4.9,(92)
STRENGTH TRAINING,Will Power Performance,"871 Harold Pl., #106, Chula Vista",5.0,(32)
STRENGTH TRAINING,KettleFlex Fitness,"6210 El Cajon Blvd, San Diego",4.8,(100+)
"YOGA, ROWING",Wellness Lounge Mission Bay,"1548 Quivira Way, San Diego",4.8,(100+)
"YOGA, STRENGTH TRAINING",Balanced Fitness and Health,"1130 7th Ave, San Diego",4.4,(100+)
YOGA,Kaizen Yoga Temple,"6195 Lake Murray Boulevard, La Mesa",5.0,(28)
"PRENATAL, POSTNATAL",FIT4MOM - Stroller Strides Poinsettia Park,"Poinsettia Park, 6600 Hidden Valley Rd, Carlsbad",5.0,(26)
MARTIAL ARTS,NineNine Jiu-Jitsu,"4425 Convoy St, #220, San Diego",4.8,(33)
"PRENATAL, POSTNATAL",FIT4MOM - Stroller Strides Encinitas,"951 Via Cantebria, Encinitas",4.8,(42)
"PRENATAL, POSTNATAL",FIT4MOM,"2750 Womble Rd, San Diego",4.7,(74)
"STRENGTH TRAINING, BARRE",FIT4MOM,"2525 Bacon St, San Diego",4.9,(20)
STRENGTH TRAINING,San Diego Core Fitness,"Joe Schloss Way and Jacaranda Drive, 2221 Morley Field Dr, San Diego",4.7,(100+)
STRENGTH TRAINING,IB Functional Fitness,"600 Palm Ave, Ste 121., Imperial Beach",5.0,(21)
STRENGTH TRAINING,FitBlender,"2323 Broadway, Suite 107, San Diego",4.9,(34)
SAUNA,Blu Life Wellness,"330 West Felicita Avenue Suite A6, Escondido",4.9,(16)
CYCLING,Shift Fitness,"6451 El Camino Real, Suite B-2, Carlsbad",4.8,(100+)
STRENGTH TRAINING,LeoFIT Labs,"1851 San Diego Avenue Suite 100A, San Diego",4.9,(27)
YOGA,Bodywork by Bobbi Wellness Center,"9029 Park Plaza Dr, Suite 201, La Mesa",4.8,(40)
"YOGA, STRENGTH TRAINING",True Motion,"2859 El Cajon Boulevard #200, San Diego",4.6,(29)
DANCE,Dollhouse Fitness,"535 Encinitas Blvd, Encinitas",4.9,(100+)
YOGA,Community Hot Yoga,"1400 North Coast Highway 101, Encinitas",4.8,(13)
STRENGTH TRAINING,Paddle Board Bliss,"4000 Fanuel St, San Diego",4.6,(100+)
YOGA,Omni 1 Yoga Center,"1625 Sweetwater Road, Suite H, National City",4.7,(33)
"PRENATAL, POSTNATAL",FIT4MOM- Stroller Strides San Elijo Hills,"1165 Elfin Forest Rd, San Marcos",4.9,(19)
DANCE,MegA Zumba,"535 Encinitas Blvd, Encinitas",4.8,(44)
MASSAGE,Back to Life Massage & Bodywork,"2525 Camino del Rio South, San Diego",4.9,(18)
STRENGTH TRAINING,Fury Functional Fitness,"5222 Balboa Avenue, San Diego",4.8,(16)
YOGA,APEX School of Movement San Diego,"8050 Ronson Road, San Diego",4.8,(31)
"PRENATAL, POSTNATAL",FIT4MOM - Stroller Strides La Jolla Shores,"8220 Camino Del Oro, San Diego",4.8,(24)
STRENGTH TRAINING,San Diego Core Fitness,"1346 E Mission Bay Dr, San Diego",4.5,(60)
STRENGTH TRAINING,DavisFIT,"1600 Vacation Rd, San Diego",5.0,(21)
"PRENATAL, POSTNATAL",FIT4MOM,"2000 2nd St, Coronado",4.9,(18)
"PRENATAL, POSTNATAL",FIT4MOM,"7001 Murray Park Dr, San Diego",4.8,(29)
STRENGTH TRAINING,Blastercise - La Jolla Sports Club,"La Jolla Sports Club, 7825 Fay Ave, San Diego",5.0,(16)
"MASSAGE, CUPPING",Massage SoCal,"700 Garden View Ct 201-A, Encinitas",5.0,(12)
STRENGTH TRAINING,San Diego Core Fitness,"2195 East Mission Bay Drive, San Diego",4.7,(21)
"MARTIAL ARTS, PILATES",Eight Elements West,"6830 La Jolla Blvd, San Diego",4.5,(82)
PILATES,The Physical Enlightenment. LLC,"1940 Fifth Avenue, San Diego",5.0,(8)
STRENGTH TRAINING,Mighty Crossfit,"3770 Hancock St, San Diego",5.0,(11)
STRENGTH TRAINING,The Institute of Health & Fitness,"871 Harold Pl, Suite 106, Chula Vista",4.3,(26)
"GYM TIME, STRENGTH TRAINING",Crunch,"9720 Winter Gardens Boulevard, Lakeside",4.8,(20)
"PRENATAL, POSTNATAL",FIT4MOM,"16621 Dove Canyon Rd, San Diego",4.8,(6)
"PRENATAL, POSTNATAL",FIT4MOM,"16118 4S Ranch Pkwy, San Diego",4.9,(76)
SPORTS RECOVERY,The Hydration Room,"7863 Girard Avenue Suite #112, San Diego",5.0,(10)
MARTIAL ARTS,Gracie San Diego,"5375 Kearny Villa Rd, San Diego",5.0,(15)
"PRENATAL, POSTNATAL",FIT4MOM Stroller Strides Scripps Ranch,"11454 Blue Cypress Dr, San Diego",4.9,(20)
"MARTIAL ARTS, BOXING",Practical Karate,"4170 Morena Blvd. Suite A, San Diego",4.9,(10)
"PRENATAL, POSTNATAL",FIT4MOM - Stroller Strides Carmel Valley,"13030 Ashley Falls Dr, San Diego",5.0,(8)
"PRENATAL, POSTNATAL",FIT4MOM,"Highland Ranch Park, 14840 Waverly Downs Way, San Diego",4.8,(19)
RUNNING,Tempest Freerunning Academy,"2620 Progress Street Suite A, Vista",4.6,(10)
STRENGTH TRAINING,San Diego Core Fitness,"1600 Vacation Rd, San Diego",4.7,(18)
"SPORTS, OUTDOORS",Life's A Beach Camps San Diego,"North Jetty Road, San Diego",4.3,(9)
YOGA,Rise Prime Wellness,"5550 Carmel Mountain Road , Suite 208 , San Diego",4.2,(15)
ACUPUNCTURE,Modern Acupuncture,"1640 Camino Del Rio North , Suite 344, San Diego",4.8,(19)
"MASSAGE, ACUPUNCTURE",Adams Avenue Integrative Health,"3239 Adams Avenue , San Diego",4.8,(14)
"PRENATAL, POSTNATAL",FIT4MOM - Body Back San Marcos,"1850 Diamond St, San Marcos",5.0,(9)
"YOGA, STRENGTH TRAINING, …",Purple Lotus Fitness and Wellness,"14034 Poway Road , Suite L, Poway",3.8,(14)
"CRYOTHERAPY, SPORTS RECOVERY",CryoMIST Cryotherapy,"437 S Hwy 101, Suite 104, Solana Beach",5.0,(7)
PILATES,Opaka Method,"4966 Santa Monica Ave, San Diego",5.0,(5)
STRENGTH TRAINING,Jo's Bootcamp,"4000 Fanuel Street, San Diego",5.0,(7)
STRENGTH TRAINING,Wired Fitness,"1322 E Mission Bay Dr, San Diego",5.0,(25)
BARRE,San Diego Barre Fitness,"9962 Prospect Ave, Suite F, Santee",4.7,(10)
"PRENATAL, POSTNATAL",FIT4MOM,"6565 Alicante Rd, Carlsbad",4.9,(8)
STRENGTH TRAINING,Wired Fitness,"Solana Ranch Elementary, 13605 Pacific Highlands Ranch Pkwy, San Diego",5.0,(10)
MASSAGE,Massage SoCal,"4080 Centre Street, San Diego",4.8,(5)
DANCE,Jazzercise Coronado,"1845 Strand Way, Coronado",4.7,(8)
STRENGTH TRAINING,Wired Fitness - Carmel Valley,"3777 Townsgate Dr, San Diego",5.0,(36)
YOGA,Feldenkrais San Diego,"916 West University Ave., San Diego",4.5,(11)
YOGA,Existence Yoga Studio,"2176 Chatsworth Blvd, San Diego",5.0,(7)
YOGA,Every Body Yoga Studio,"10251 Mast Blvd., Santee",4.4,(14)
MASSAGE,Divine Infinite Wellness,"1510 Front Street, San Diego",5.0,(11)
STRENGTH TRAINING,CrossFit Iconic,"237 E Valley Pkwy, Escondido",3.2,(6)
"MASSAGE, ACUPUNCTURE, …",Ascend Healing Acupuncture Herbology Bodywork,"1510 Front Street, Suite #208, San Diego",5.0,(9)
MARTIAL ARTS,Jane Self-Defense,"Sharpe Fitness & CrossFit La Jolla, 970 Turquoise St., San Diego",4.9,(15)
STRENGTH TRAINING,Urban Performance,"1756 Kettner Blvd., San Diego",4.8,(5)
BOXING,Bomber Squad Academy,"1404 E Main St, El Cajon",4.2,(6)
MARTIAL ARTS,Califit Coaching Services,"560 N Coast Hwy 101, Suite 4A, Encinitas",4.2,(5)
"YOGA, STRENGTH TRAINING",Last Real Gym,"3148 University Ave, San Diego",4.7,(100+)
YOGA,North Park Yoga,"3063 University Ave, Suite 100, San Diego",4.9,(74)
STRENGTH TRAINING,BmorFit Boot Camp,"NTC Park, 2455 Cushing Rd, San Diego",4.7,(7)
YOGA,Carlsbad Village Yoga Co-op,"2801 Roosevelt St, Carlsbad",4.7,(97)
STRENGTH TRAINING,San Diego Core Fitness,"8583 Aero Dr, San Diego",4.0,(9)
STRENGTH TRAINING,Sweat San Diego,"5949 Severin Dr, La Mesa",3.7,(6)
"YOGA, OUTDOORS",Yoga with Shawna,"600 Palm Ave, Suite 220, Imperial Beach",4.0,(23)
"YOGA, DANCE",Momentum Dance Company,"9235 Trade Place, San Diego",4.3,(9)
"MARTIAL ARTS, PILATES",S6 Fitness,"4848 Tecolote Rd, San Diego",4.8,(100+)
BOXING,GOLDBOX,"1422 Vine St., San Diego",1.6,(7)
STRENGTH TRAINING,Get Fit With Ty,"3055 Imperial Ave, San Diego",1.5,(5)
